Date;HomeTeam;AwayTeam;FTHG;FTAG;FTR;HTHG;HTAG;HTR;Referee;HS;AS;HST;AST;HF;AF;HC;AC;HY;AY;HR;AR
15/08/2025;Liverpool;Bournemouth;4;2;H;1;0;H;A Taylor;19;10;10;3;7;10;6;7;1;2;0;0
16/08/2025;Aston Villa;Newcastle;0;0;D;0;0;D;C Pawson;3;16;3;3;13;11;3;6;1;1;1;0
16/08/2025;Brighton;Fulham;1;1;D;0;0;D;S Barrott;10;7;4;2;16;15;4;3;3;3;0;0
16/08/2025;Sunderland;West Ham;3;0;H;0;0;D;R Jones;10;12;5;4;8;10;5;7;0;1;0;0
16/08/2025;Tottenham;Burnley;3;0;H;1;0;H;M Oliver;16;14;6;4;14;8;6;5;0;0;0;0
16/08/2025;Wolves;Man City;0;4;A;0;2;A;J Gillett;9;15;3;4;13;7;4;6;1;2;0;0
17/08/2025;Chelsea;Crystal Palace;0;0;D;0;0;D;D England;19;12;3;4;10;12;11;2;2;3;0;0
17/08/2025;Nott'm Forest;Brentford;3;1;H;3;0;H;P Bankes;11;10;5;3;7;15;5;5;1;2;0;0
17/08/2025;Man United;Arsenal;0;1;A;0;1;A;S Hooper;22;9;7;3;10;19;3;4;1;4;0;0
18/08/2025;Leeds;Everton;1;0;H;0;0;D;C Kavanagh;21;7;3;1;6;8;7;2;0;2;0;0
22/08/2025;West Ham;Chelsea;1;5;A;1;3;A;M Oliver;12;12;4;7;7;10;7;5;0;1;0;0
23/08/2025;Man City;Tottenham;0;2;A;0;2;A;P Bankes;10;12;4;5;7;12;7;2;1;4;0;0
23/08/2025;Bournemouth;Wolves;1;0;H;1;0;H;T Bramall;14;6;4;1;13;16;8;3;2;4;0;1
23/08/2025;Brentford;Aston Villa;1;0;H;1;0;H;T Harrington;9;17;2;2;11;9;2;9;1;2;0;0
23/08/2025;Burnley;Sunderland;2;0;H;0;0;D;M Salisbury;7;9;2;1;9;5;4;3;0;1;0;0
23/08/2025;Arsenal;Leeds;5;0;H;2;0;H;J Gillett;18;3;5;1;8;11;2;2;0;2;0;0
24/08/2025;Crystal Palace;Nott'm Forest;1;1;D;1;0;H;A Taylor;8;9;4;1;11;11;1;3;3;3;0;0
24/08/2025;Everton;Brighton;2;0;H;1;0;H;S Attwell;11;13;3;4;7;15;2;2;4;3;0;0
24/08/2025;Fulham;Man United;1;1;D;0;0;D;C Kavanagh;13;10;4;3;12;10;9;6;1;1;0;0
25/08/2025;Newcastle;Liverpool;2;3;A;0;1;A;S Hooper;10;5;3;4;17;15;7;1;2;3;1;0
30/08/2025;Chelsea;Fulham;2;0;H;1;0;H;R Jones;13;11;6;3;11;17;6;4;2;2;0;0
30/08/2025;Man United;Burnley;3;2;H;1;0;H;S Barrott;26;6;6;3;9;9;7;1;1;5;0;0
30/08/2025;Sunderland;Brentford;2;1;H;0;0;D;A Taylor;12;7;3;4;11;12;3;4;3;2;0;0
30/08/2025;Tottenham;Bournemouth;0;1;A;0;1;A;S Hooper;5;20;1;6;17;13;0;8;2;4;0;0
30/08/2025;Wolves;Everton;2;3;A;1;2;A;M Oliver;12;10;4;4;15;10;2;2;0;1;0;0
30/08/2025;Leeds;Newcastle;0;0;D;0;0;D;P Bankes;10;8;1;2;10;15;5;5;1;1;0;0
31/08/2025;Brighton;Man City;2;1;H;0;1;A;D England;12;12;7;3;16;14;3;2;2;2;0;0
31/08/2025;Nott'm Forest;West Ham;0;3;A;0;0;D;C Pawson;11;12;3;8;14;6;9;7;0;0;0;0
31/08/2025;Liverpool;Arsenal;1;0;H;0;0;D;C Kavanagh;9;11;3;1;7;10;3;8;2;2;0;0
31/08/2025;Aston Villa;Crystal Palace;0;3;A;0;1;A;S Attwell;13;6;4;4;7;14;10;1;2;3;0;0
13/09/2025;Arsenal;Nott'm Forest;3;0;H;1;0;H;D England;16;5;5;1;8;11;8;4;1;1;0;0
13/09/2025;Bournemouth;Brighton;2;1;H;1;0;H;P Bankes;13;6;5;2;16;10;4;4;4;4;0;0
13/09/2025;Crystal Palace;Sunderland;0;0;D;0;0;D;T Bramall;14;6;6;0;10;8;5;3;1;1;0;0
13/09/2025;Everton;Aston Villa;0;0;D;0;0;D;S Hooper;20;7;2;1;17;15;10;3;3;3;0;0
13/09/2025;Fulham;Leeds;1;0;H;0;0;D;C Pawson;5;10;3;3;20;15;3;3;1;2;0;0
13/09/2025;Newcastle;Wolves;1;0;H;1;0;H;C Kavanagh;16;8;4;3;10;17;10;4;1;4;0;0
13/09/2025;West Ham;Tottenham;0;3;A;0;0;D;J Gillett;7;14;4;5;8;7;2;13;0;1;1;0
13/09/2025;Brentford;Chelsea;2;2;D;1;0;H;S Attwell;7;16;4;6;13;9;5;6;3;2;0;0
14/09/2025;Burnley;Liverpool;0;1;A;0;0;D;M Oliver;3;27;0;4;9;9;1;13;0;2;0;0
14/09/2025;Man City;Man United;3;0;H;1;0;H;A Taylor;13;12;6;2;8;8;2;4;0;0;0;0
20/09/2025;Liverpool;Everton;2;1;H;2;0;H;D England;11;9;3;2;11;10;5;4;2;3;0;0
20/09/2025;Brighton;Tottenham;2;2;D;2;1;H;C Kavanagh;12;11;4;3;10;13;2;10;1;2;0;0
20/09/2025;Burnley;Nott'm Forest;1;1;D;1;1;D;T Bramall;12;17;5;8;12;11;4;5;1;1;0;0
20/09/2025;West Ham;Crystal Palace;1;2;A;0;1;A;T Harrington;8;18;3;3;15;5;8;8;3;3;0;0
20/09/2025;Wolves;Leeds;1;3;A;1;3;A;A Taylor;16;6;6;4;11;9;4;0;1;1;0;0
20/09/2025;Man United;Chelsea;2;1;H;2;0;H;P Bankes;11;5;4;1;13;14;5;5;0;5;1;1
20/09/2025;Fulham;Brentford;3;1;H;2;1;H;M Oliver;14;8;3;3;11;13;2;10;4;1;0;0
21/09/2025;Bournemouth;Newcastle;0;0;D;0;0;D;R Jones;11;4;2;1;7;10;5;2;2;1;0;0
21/09/2025;Sunderland;Aston Villa;1;1;D;0;0;D;S Barrott;14;12;4;2;14;8;6;5;2;1;1;0
21/09/2025;Arsenal;Man City;1;1;D;0;1;A;S Attwell;12;5;3;3;11;10;11;2;1;2;0;0
27/09/2025;Brentford;Man United;3;1;H;2;1;H;C Pawson;10;14;8;6;14;10;4;2;2;2;0;0
27/09/2025;Chelsea;Brighton;1;3;A;1;0;H;S Hooper;13;12;3;3;9;16;5;7;3;5;1;0
27/09/2025;Crystal Palace;Liverpool;2;1;H;1;0;H;C Kavanagh;16;20;7;4;10;8;2;6;1;3;0;0
27/09/2025;Leeds;Bournemouth;2;2;D;1;1;D;M Oliver;19;12;8;5;12;13;7;4;2;2;0;0
27/09/2025;Man City;Burnley;5;1;H;1;1;D;R Jones;21;9;8;2;5;7;10;2;1;3;0;0
27/09/2025;Nott'm Forest;Sunderland;0;1;A;0;1;A;T Harrington;22;11;6;3;11;6;7;4;4;2;0;0
27/09/2025;Tottenham;Wolves;1;1;D;0;0;D;M Salisbury;10;9;3;3;9;11;10;9;3;2;0;0
28/09/2025;Aston Villa;Fulham;3;1;H;1;1;D;A Madley;9;11;4;4;10;13;2;8;1;4;0;0
28/09/2025;Newcastle;Arsenal;1;2;A;1;0;H;J Gillett;8;20;3;7;8;9;7;12;2;1;0;0
29/09/2025;Everton;West Ham;1;1;D;1;0;H;S Barrott;12;14;6;3;7;16;3;5;3;4;0;0
03/10/2025;Bournemouth;Fulham;3;1;H;0;0;D;S Hooper;11;12;6;4;8;10;4;3;0;1;0;0
04/10/2025;Leeds;Tottenham;1;2;A;1;1;D;T Bramall;16;9;4;3;10;12;4;1;2;3;0;0
04/10/2025;Arsenal;West Ham;2;0;H;1;0;H;J Brooks;21;4;5;0;14;14;8;3;0;2;0;0
04/10/2025;Man United;Sunderland;2;0;H;2;0;H;S Attwell;15;8;6;3;10;12;2;3;1;4;0;0
04/10/2025;Chelsea;Liverpool;2;1;H;1;0;H;A Taylor;12;12;6;2;9;8;7;2;0;2;0;0
05/10/2025;Aston Villa;Burnley;2;1;H;1;0;H;A Kitchen;15;5;7;2;9;15;6;4;3;1;0;0
05/10/2025;Everton;Crystal Palace;2;1;H;0;1;A;M Salisbury;14;15;7;8;13;16;2;4;2;3;0;0
05/10/2025;Newcastle;Nott'm Forest;2;0;H;0;0;D;P Bankes;18;5;9;4;16;15;8;1;0;4;0;0
05/10/2025;Wolves;Brighton;1;1;D;1;0;H;J Gillett;6;17;3;6;13;9;2;8;2;4;0;0
05/10/2025;Brentford;Man City;0;1;A;0;1;A;D England;6;10;1;4;10;6;3;2;3;2;0;0
18/10/2025;Nott'm Forest;Chelsea;0;3;A;0;0;D;C Kavanagh;12;17;2;6;13;16;5;2;2;2;0;1
18/10/2025;Brighton;Newcastle;2;1;H;1;0;H;C Pawson;13;16;5;3;9;9;8;4;0;1;0;0
18/10/2025;Burnley;Leeds;2;0;H;1;0;H;T Robinson;4;19;3;4;10;7;1;5;2;1;0;0
18/10/2025;Crystal Palace;Bournemouth;3;3;D;0;2;A;J Gillett;20;8;7;5;8;16;6;5;1;4;0;0
18/10/2025;Man City;Everton;2;0;H;0;0;D;T Harrington;19;5;7;1;8;14;11;3;0;2;0;0
18/10/2025;Sunderland;Wolves;2;0;H;1;0;H;R Jones;8;16;2;3;5;12;3;2;0;0;0;0
18/10/2025;Fulham;Arsenal;0;1;A;0;0;D;A Taylor;9;16;0;5;11;4;6;10;0;0;0;0
19/10/2025;Tottenham;Aston Villa;1;2;A;1;1;D;S Hooper;9;8;3;2;11;7;6;6;2;0;0;0
19/10/2025;Liverpool;Man United;1;2;A;0;1;A;M Oliver;19;12;6;4;8;14;9;4;0;2;0;0
20/10/2025;West Ham;Brentford;0;2;A;0;1;A;A Madley;7;22;1;7;10;10;6;10;1;1;0;0
24/10/2025;Leeds;West Ham;2;1;H;2;0;H;S Attwell;13;9;5;3;12;11;3;4;3;3;0;0
25/10/2025;Chelsea;Sunderland;1;2;A;1;1;D;A Madley;16;10;7;4;15;13;9;1;1;1;0;0
25/10/2025;Newcastle;Fulham;2;1;H;1;0;H;P Bankes;18;12;7;5;11;18;4;3;0;2;0;0
25/10/2025;Man United;Brighton;4;2;H;2;0;H;A Taylor;13;17;9;5;4;13;1;6;2;2;0;0
25/10/2025;Brentford;Liverpool;3;2;H;2;1;H;S Hooper;17;18;8;5;7;10;5;4;3;2;0;0
26/10/2025;Arsenal;Crystal Palace;1;0;H;1;0;H;T Bramall;10;7;3;1;6;11;4;3;0;0;0;0
26/10/2025;Aston Villa;Man City;1;0;H;1;0;H;M Oliver;9;18;3;4;8;16;5;6;1;4;0;0
26/10/2025;Bournemouth;Nott'm Forest;2;0;H;2;0;H;S Barrott;13;8;5;4;17;7;6;4;3;1;0;0
26/10/2025;Wolves;Burnley;2;3;A;2;2;D;T Harrington;15;11;7;7;12;7;5;3;1;0;0;0
26/10/2025;Everton;Tottenham;0;3;A;0;2;A;C Pawson;12;7;2;4;9;8;9;8;2;0;0;0
01/11/2025;Brighton;Leeds;3;0;H;1;0;H;M Oliver;14;5;7;2;10;7;4;7;0;1;0;0
01/11/2025;Burnley;Arsenal;0;2;A;0;2;A;C Kavanagh;3;12;0;8;10;13;1;6;2;1;0;0
01/11/2025;Crystal Palace;Brentford;2;0;H;1;0;H;P Bankes;9;6;2;2;7;11;6;5;0;3;0;0
01/11/2025;Fulham;Wolves;3;0;H;1;0;H;J Brooks;19;5;6;2;13;14;10;1;1;3;0;1
01/11/2025;Nott'm Forest;Man United;2;2;D;0;1;A;D England;17;18;3;7;10;7;8;5;1;1;0;0
01/11/2025;Tottenham;Chelsea;0;1;A;0;1;A;J Gillett;3;15;1;9;14;12;6;5;4;2;0;0
01/11/2025;Liverpool;Aston Villa;2;0;H;1;0;H;S Attwell;16;10;4;3;13;11;1;4;2;3;0;0
02/11/2025;West Ham;Newcastle;3;1;H;2;1;H;R Jones;15;12;9;4;5;10;7;6;1;2;0;0
02/11/2025;Man City;Bournemouth;3;1;H;2;1;H;A Taylor;15;8;8;5;8;11;10;4;2;2;0;0
03/11/2025;Sunderland;Everton;1;1;D;0;1;A;T Bramall;17;8;3;2;10;12;4;1;3;2;0;0
08/11/2025;Tottenham;Man United;2;2;D;0;1;A;S Barrott;10;5;4;2;10;8;5;3;5;1;0;0
08/11/2025;Everton;Fulham;2;0;H;1;0;H;A Madley;14;8;5;4;11;14;7;5;2;2;0;0
08/11/2025;West Ham;Burnley;3;2;H;1;1;D;M Salisbury;15;16;6;7;15;13;7;4;2;2;0;0
08/11/2025;Sunderland;Arsenal;2;2;D;1;0;H;C Pawson;6;17;2;7;13;13;2;2;2;1;0;0
08/11/2025;Chelsea;Wolves;3;0;H;0;0;D;A Kitchen;20;3;8;0;12;14;10;1;1;2;0;0
09/11/2025;Aston Villa;Bournemouth;4;0;H;2;0;H;J Brooks;16;13;8;4;8;20;6;9;2;2;0;0
09/11/2025;Brentford;Newcastle;3;1;H;0;1;A;S Attwell;15;5;7;1;10;13;6;2;2;1;0;0
09/11/2025;Crystal Palace;Brighton;0;0;D;0;0;D;T Robinson;10;7;2;3;10;12;4;8;1;4;0;0
09/11/2025;Nott'm Forest;Leeds;3;1;H;1;1;D;J Gillett;14;10;6;3;10;11;6;4;2;1;0;0
09/11/2025;Man City;Liverpool;3;0;H;2;0;H;C Kavanagh;14;7;6;1;14;15;7;7;2;4;0;0
22/11/2025;Burnley;Chelsea;0;2;A;0;1;A;P Bankes;8;15;2;5;13;8;1;9;2;3;0;0
22/11/2025;Bournemouth;West Ham;2;2;D;0;2;A;T Bramall;28;5;10;2;9;10;9;2;3;2;0;0
22/11/2025;Brighton;Brentford;2;1;H;0;1;A;C Kavanagh;14;10;5;4;10;9;7;4;4;2;0;0
22/11/2025;Fulham;Sunderland;1;0;H;0;0;D;D England;24;4;6;2;5;13;7;4;3;3;0;0
22/11/2025;Liverpool;Nott'm Forest;0;3;A;0;1;A;A Madley;21;15;4;7;11;8;8;6;2;0;0;0
22/11/2025;Wolves;Crystal Palace;0;2;A;0;0;D;A Taylor;8;10;1;4;13;9;1;4;2;3;0;0
22/11/2025;Newcastle;Man City;2;1;H;0;0;D;S Barrott;9;17;5;4;13;8;5;9;1;3;0;0
23/11/2025;Leeds;Aston Villa;1;2;A;1;0;H;R Jones;14;14;5;3;18;16;3;3;5;1;0;0
23/11/2025;Arsenal;Tottenham;4;1;H;2;0;H;M Oliver;17;3;8;2;11;15;4;1;1;3;0;0
24/11/2025;Man United;Everton;0;1;A;0;1;A;T Harrington;25;3;6;1;12;9;9;1;2;0;0;1
29/11/2025;Brentford;Burnley;3;1;H;0;0;D;S Barrott;14;6;4;2;7;7;5;6;0;2;0;0
29/11/2025;Man City;Leeds;3;2;H;2;0;H;P Bankes;18;9;9;4;17;11;8;1;4;1;0;0
29/11/2025;Sunderland;Bournemouth;3;2;H;1;2;A;T Robinson;12;18;6;6;14;13;6;3;5;5;0;1
29/11/2025;Everton;Newcastle;1;4;A;0;3;A;C Pawson;10;13;2;8;4;6;8;7;0;0;0;0
29/11/2025;Tottenham;Fulham;1;2;A;0;2;A;S Attwell;14;7;2;3;11;7;8;2;3;2;0;0
30/11/2025;Crystal Palace;Man United;1;2;A;1;0;H;R Jones;14;14;3;6;14;14;4;4;3;2;0;0
30/11/2025;Aston Villa;Wolves;1;0;H;0;0;D;C Kavanagh;16;9;6;4;13;21;7;3;0;4;0;0
30/11/2025;Nott'm Forest;Brighton;0;2;A;0;1;A;M Oliver;19;17;3;6;11;10;9;2;0;1;0;0
30/11/2025;West Ham;Liverpool;0;2;A;0;0;D;D England;7;9;0;5;12;14;7;2;1;0;1;0
30/11/2025;Chelsea;Arsenal;1;1;D;0;0;D;A Taylor;11;8;4;4;12;13;3;3;1;6;1;0
02/12/2025;Bournemouth;Everton;0;1;A;0;0;D;M Salisbury;5;13;2;3;14;14;1;6;3;3;0;0
02/12/2025;Fulham;Man City;4;5;A;1;3;A;C Pawson;12;11;6;4;9;7;7;2;0;1;0;0
02/12/2025;Newcastle;Tottenham;2;2;D;0;0;D;T Bramall;19;8;7;2;5;12;11;8;0;3;0;0
03/12/2025;Arsenal;Brentford;2;0;H;1;0;H;T Harrington;15;6;7;1;7;9;4;8;0;1;0;0
03/12/2025;Brighton;Aston Villa;3;4;A;2;2;D;A Madley;16;14;7;10;10;9;5;6;2;2;0;0
03/12/2025;Burnley;Crystal Palace;0;1;A;0;1;A;T Kirk;11;3;4;3;9;8;3;4;0;0;0;0
03/12/2025;Wolves;Nott'm Forest;0;1;A;0;0;D;T Robinson;5;10;1;3;19;11;3;9;2;2;0;0
03/12/2025;Leeds;Chelsea;3;1;H;2;0;H;D England;17;14;5;2;10;13;4;2;1;1;0;0
03/12/2025;Liverpool;Sunderland;1;1;D;0;0;D;S Attwell;23;9;4;6;10;5;7;3;1;1;0;0
04/12/2025;Man United;West Ham;1;1;D;0;0;D;A Kitchen;17;11;4;3;13;9;6;6;2;2;0;0
06/12/2025;Aston Villa;Arsenal;2;1;H;1;0;H;P Bankes;15;15;6;9;10;8;3;3;0;2;0;0
06/12/2025;Bournemouth;Chelsea;0;0;D;0;0;D;M Oliver;13;11;5;4;15;13;5;0;0;2;0;0
06/12/2025;Everton;Nott'm Forest;3;0;H;2;0;H;C Kavanagh;11;7;5;3;17;15;6;3;4;3;0;0
06/12/2025;Man City;Sunderland;3;0;H;2;0;H;A Madley;18;8;6;1;9;10;6;5;1;0;0;1
06/12/2025;Newcastle;Burnley;2;1;H;2;0;H;S Attwell;17;9;7;3;9;11;9;9;2;2;0;1
06/12/2025;Tottenham;Brentford;2;0;H;2;0;H;R Jones;15;4;7;1;8;9;7;6;3;4;0;0
06/12/2025;Leeds;Liverpool;3;3;D;0;0;D;A Taylor;12;16;5;7;14;14;5;4;3;3;0;0
07/12/2025;Brighton;West Ham;1;1;D;0;0;D;S Hooper;22;14;4;5;12;8;10;6;2;2;0;0
07/12/2025;Fulham;Crystal Palace;1;2;A;1;1;D;S Barrott;12;11;4;5;5;8;6;4;0;0;0;0
08/12/2025;Wolves;Man United;1;4;A;1;1;D;M Salisbury;8;27;2;10;17;12;1;9;3;2;0;0
13/12/2025;Chelsea;Everton;2;0;H;2;0;H;T Bramall;17;11;5;2;13;11;4;7;1;0;0;0
13/12/2025;Liverpool;Brighton;2;0;H;1;0;H;C Pawson;18;14;4;1;8;15;2;2;1;2;0;0
13/12/2025;Burnley;Fulham;2;3;A;1;2;A;M Oliver;16;6;8;4;8;8;10;4;1;2;0;0
13/12/2025;Arsenal;Wolves;2;1;H;0;0;D;R Jones;16;3;2;2;7;15;8;0;0;4;0;0
14/12/2025;Crystal Palace;Man City;0;3;A;0;1;A;D England;16;7;4;6;9;6;2;2;2;0;0;0
14/12/2025;Nott'm Forest;Tottenham;3;0;H;1;0;H;S Barrott;15;6;6;1;9;13;3;3;1;3;0;0
14/12/2025;Sunderland;Newcastle;1;0;H;0;0;D;P Bankes;5;6;1;2;10;10;3;6;5;4;0;0
14/12/2025;West Ham;Aston Villa;2;3;A;2;1;H;A Taylor;10;7;3;4;18;13;5;3;1;2;0;0
14/12/2025;Brentford;Leeds;1;1;D;0;0;D;J Brooks;7;18;2;4;8;9;0;3;0;0;0;0
15/12/2025;Man United;Bournemouth;4;4;D;2;1;H;S Hooper;25;14;9;9;15;12;5;4;2;3;0;0
20/12/2025;Newcastle;Chelsea;2;2;D;2;0;H;A Madley;11;13;5;4;13;14;6;4;3;6;0;0
20/12/2025;Bournemouth;Burnley;1;1;D;0;0;D;C Kavanagh;16;4;1;1;11;11;5;3;1;1;0;0
20/12/2025;Brighton;Sunderland;0;0;D;0;0;D;D England;16;14;4;6;11;15;3;4;2;2;0;0
20/12/2025;Man City;West Ham;3;0;H;2;0;H;P Tierney;17;7;8;3;16;10;6;0;1;1;0;0
20/12/2025;Wolves;Brentford;0;2;A;0;0;D;M Donohue;9;7;2;6;12;15;3;4;2;4;0;0
20/12/2025;Tottenham;Liverpool;1;2;A;0;0;D;J Brooks;15;8;4;4;9;7;2;6;3;3;2;0
20/12/2025;Everton;Arsenal;0;1;A;0;1;A;S Barrott;5;13;1;2;4;5;2;3;2;2;0;0
20/12/2025;Leeds;Crystal Palace;4;1;H;2;0;H;T Bramall;20;9;8;3;5;10;9;5;1;3;0;0
21/12/2025;Aston Villa;Man United;2;1;H;1;1;D;M Oliver;12;15;4;6;11;14;5;5;1;2;0;0
22/12/2025;Fulham;Nott'm Forest;1;0;H;1;0;H;A Taylor;11;12;1;2;5;9;1;5;5;4;0;0
26/12/2025;Man United;Newcastle;1;0;H;1;0;H;A Taylor;10;16;4;3;9;5;2;11;2;1;0;0
27/12/2025;Nott'm Forest;Man City;1;2;A;0;0;D;R Jones;7;16;2;5;5;13;5;5;1;2;0;0
27/12/2025;Arsenal;Brighton;2;1;H;1;0;H;J Brooks;24;8;6;3;7;13;7;2;2;3;0;0
27/12/2025;Brentford;Bournemouth;4;1;H;2;0;H;P Bankes;15;20;7;10;9;8;2;15;2;2;0;0
27/12/2025;Burnley;Everton;0;0;D;0;0;D;C Pawson;16;15;0;6;8;8;6;5;0;2;0;0
27/12/2025;Liverpool;Wolves;2;1;H;2;0;H;S Hooper;14;9;4;4;5;13;6;4;0;1;0;0
27/12/2025;West Ham;Fulham;0;1;A;0;0;D;C Kavanagh;11;15;2;4;8;8;5;4;1;3;0;0
27/12/2025;Chelsea;Aston Villa;1;2;A;1;0;H;S Attwell;14;11;3;8;16;8;6;7;5;3;0;0
28/12/2025;Sunderland;Leeds;1;1;D;1;0;H;T Harrington;8;17;3;6;7;9;3;9;1;0;0;0
28/12/2025;Crystal Palace;Tottenham;0;1;A;0;1;A;J Gillett;15;8;2;4;7;5;3;2;3;2;0;0
30/12/2025;Burnley;Newcastle;1;3;A;1;2;A;R Jones;15;20;4;9;9;3;3;4;2;1;0;0
30/12/2025;Chelsea;Bournemouth;2;2;D;2;2;D;S Barrott;17;17;3;6;5;12;12;3;1;1;0;0
30/12/2025;Nott'm Forest;Everton;0;2;A;0;1;A;M Oliver;21;11;6;3;11;9;9;2;1;0;0;0
30/12/2025;West Ham;Brighton;2;2;D;2;1;H;M Salisbury;10;16;4;6;11;18;5;5;3;5;0;0
30/12/2025;Arsenal;Aston Villa;4;1;H;0;0;D;D England;22;11;7;3;18;9;3;3;2;3;0;0
30/12/2025;Man United;Wolves;1;1;D;1;1;D;T Bramall;15;11;6;4;9;12;8;4;0;2;0;0
01/01/2026;Crystal Palace;Fulham;1;1;D;1;0;H;T Harrington;11;17;2;5;7;10;6;3;0;5;0;0
01/01/2026;Liverpool;Leeds;0;0;D;0;0;D;C Kavanagh;19;4;4;2;10;8;8;3;0;2;0;0
01/01/2026;Brentford;Tottenham;0;0;D;0;0;D;A Madley;7;9;2;3;8;10;3;1;1;2;0;0
01/01/2026;Sunderland;Man City;0;0;D;0;0;D;J Gillett;10;14;4;4;9;6;3;5;1;1;0;0
03/01/2026;Aston Villa;Nott'm Forest;3;1;H;1;0;H;S Hooper;11;10;4;5;10;20;4;4;1;2;0;0
03/01/2026;Brighton;Burnley;2;0;H;1;0;H;T Robinson;15;5;4;3;7;17;4;4;0;4;0;0
03/01/2026;Wolves;West Ham;3;0;H;3;0;H;P Bankes;11;6;8;0;11;10;6;7;1;0;0;0
03/01/2026;Bournemouth;Arsenal;2;3;A;1;1;D;C Kavanagh;15;12;3;5;13;8;7;5;3;1;0;0
04/01/2026;Leeds;Man United;1;1;D;0;0;D;J Gillett;11;15;3;2;9;9;6;4;0;1;0;0
04/01/2026;Everton;Brentford;2;4;A;0;1;A;A Taylor;14;11;6;7;9;8;4;5;0;2;0;0
04/01/2026;Newcastle;Crystal Palace;2;0;H;0;0;D;J Brooks;12;11;7;1;5;12;8;6;1;3;0;0
04/01/2026;Tottenham;Sunderland;1;1;D;1;0;H;S Attwell;13;10;5;3;10;6;3;5;2;3;0;0
04/01/2026;Fulham;Liverpool;2;2;D;1;0;H;C Pawson;8;10;2;2;11;4;3;8;1;1;0;0
04/01/2026;Man City;Chelsea;1;1;D;1;0;H;M Oliver;14;8;3;3;12;14;8;2;3;3;0;0
06/01/2026;West Ham;Nott'm Forest;1;2;A;1;0;H;T Harrington;14;13;3;5;15;9;6;5;3;0;0;0
07/01/2026;Bournemouth;Tottenham;3;2;H;2;1;H;D England;11;16;3;4;19;10;3;7;3;3;0;0
07/01/2026;Brentford;Sunderland;3;0;H;1;0;H;M Donohue;18;11;6;3;13;13;7;4;2;1;0;0
07/01/2026;Crystal Palace;Aston Villa;0;0;D;0;0;D;A Madley;11;15;5;3;8;3;3;5;2;0;0;0
07/01/2026;Everton;Wolves;1;1;D;1;0;H;T Kirk;13;13;2;4;13;15;2;7;1;3;2;0
07/01/2026;Fulham;Chelsea;2;1;H;0;0;D;P Bankes;16;14;5;6;11;6;2;11;3;3;0;1
07/01/2026;Man City;Brighton;1;1;D;1;0;H;T Bramall;22;6;6;3;6;16;6;2;1;6;0;0
07/01/2026;Burnley;Man United;2;2;D;1;0;H;S Attwell;7;30;1;10;9;8;2;6;2;0;0;0
07/01/2026;Newcastle;Leeds;4;3;H;1;2;A;M Salisbury;18;14;8;6;11;10;8;4;3;2;0;0
08/01/2026;Arsenal;Liverpool;0;0;D;0;0;D;A Taylor;9;8;4;0;10;9;3;0;2;2;0;0
17/01/2026;Man United;Man City;2;0;H;0;0;D;A Taylor;11;7;7;1;13;8;1;6;2;3;0;0
17/01/2026;Chelsea;Brentford;2;0;H;1;0;H;J Brooks;6;15;2;5;7;10;3;9;3;2;0;0
17/01/2026;Leeds;Fulham;1;0;H;0;0;D;C Kavanagh;14;8;5;1;6;11;7;3;1;5;0;0
17/01/2026;Liverpool;Burnley;1;1;D;1;0;H;A Madley;32;7;11;1;8;10;9;1;1;2;0;0
17/01/2026;Sunderland;Crystal Palace;2;1;H;1;1;D;R Jones;13;6;7;2;8;15;3;4;3;3;0;0
17/01/2026;Tottenham;West Ham;1;2;A;0;1;A;J Gillett;21;17;6;4;12;17;11;5;5;3;0;0
17/01/2026;Nott'm Forest;Arsenal;0;0;D;0;0;D;M Oliver;6;15;0;3;8;14;4;9;1;1;0;0
18/01/2026;Wolves;Newcastle;0;0;D;0;0;D;S Barrott;6;12;2;2;14;8;4;7;2;2;0;0
18/01/2026;Aston Villa;Everton;0;1;A;0;0;D;T Harrington;18;9;5;3;15;13;6;4;1;2;0;0
19/01/2026;Brighton;Bournemouth;1;1;D;0;1;A;P Tierney;17;11;5;2;7;6;11;6;2;3;0;0
24/01/2026;West Ham;Sunderland;3;1;H;3;0;H;T Bramall;13;7;5;2;9;16;3;3;2;4;0;0
24/01/2026;Burnley;Tottenham;2;2;D;1;1;D;P Bankes;9;18;4;11;8;9;1;3;1;0;0;0
24/01/2026;Fulham;Brighton;2;1;H;0;1;A;M Oliver;12;13;4;5;10;6;6;6;1;1;0;0
24/01/2026;Man City;Wolves;2;0;H;2;0;H;F Hallam;11;11;4;1;16;14;4;6;1;3;0;0
24/01/2026;Bournemouth;Liverpool;3;2;H;2;1;H;M Salisbury;12;14;5;4;7;7;3;11;1;1;0;0
25/01/2026;Brentford;Nott'm Forest;0;2;A;0;1;A;S Barrott;10;7;1;2;11;10;6;5;1;0;0;0
25/01/2026;Crystal Palace;Chelsea;1;3;A;0;1;A;D England;13;10;7;6;11;10;4;5;2;2;1;0
25/01/2026;Newcastle;Aston Villa;0;2;A;0;1;A;J Gillett;15;14;4;8;7;12;6;5;1;2;0;0
25/01/2026;Arsenal;Man United;2;3;A;1;1;D;C Pawson;15;10;4;3;11;9;9;2;2;0;0;0
26/01/2026;Everton;Leeds;1;1;D;0;1;A;S Hooper;10;14;3;4;9;13;4;4;0;3;0;0
31/01/2026;Brighton;Everton;1;1;D;0;0;D;C Kavanagh;11;7;2;4;13;14;5;2;1;2;0;0
31/01/2026;Leeds;Arsenal;0;4;A;0;2;A;S Attwell;3;14;1;8;10;7;4;12;1;1;0;0
31/01/2026;Wolves;Bournemouth;0;2;A;0;1;A;M Oliver;17;9;7;4;11;15;5;6;3;3;0;0
31/01/2026;Chelsea;West Ham;3;2;H;0;2;A;A Taylor;14;11;6;6;11;13;9;3;3;2;0;1
31/01/2026;Liverpool;Newcastle;4;1;H;2;1;H;S Hooper;17;8;7;2;11;7;7;11;1;3;0;0
01/02/2026;Aston Villa;Brentford;0;1;A;0;1;A;T Robinson;27;6;5;2;8;8;12;1;0;3;0;0
01/02/2026;Man United;Fulham;3;2;H;1;0;H;J Brooks;13;14;6;6;6;9;3;7;2;1;0;0
01/02/2026;Nott'm Forest;Crystal Palace;1;1;D;1;1;D;M Salisbury;9;14;1;3;4;12;5;7;1;3;0;0
01/02/2026;Tottenham;Man City;2;2;D;0;2;A;R Jones;12;15;6;3;15;12;3;4;3;3;0;0
02/02/2026;Sunderland;Burnley;3;0;H;2;0;H;P Tierney;14;5;5;0;12;10;1;2;1;4;0;0
06/02/2026;Leeds;Nott'm Forest;3;1;H;2;0;H;P Bankes;14;16;5;6;9;12;5;10;1;1;0;0
07/02/2026;Man United;Tottenham;2;0;H;1;0;H;M Oliver;23;7;10;1;12;11;7;0;1;2;0;1
07/02/2026;Arsenal;Sunderland;3;0;H;1;0;H;S Barrott;16;5;5;3;11;8;5;2;1;2;0;0
07/02/2026;Bournemouth;Aston Villa;1;1;D;0;1;A;A Taylor;20;7;9;4;4;11;11;4;1;1;0;0
07/02/2026;Burnley;West Ham;0;2;A;0;2;A;D England;18;6;5;4;11;10;5;2;3;1;0;0
07/02/2026;Fulham;Everton;1;2;A;1;0;H;S Attwell;13;16;3;3;11;12;6;6;1;5;0;0
07/02/2026;Wolves;Chelsea;1;3;A;0;3;A;J Gillett;11;15;3;6;9;10;3;4;1;1;0;0
07/02/2026;Newcastle;Brentford;2;3;A;1;2;A;A Madley;16;11;4;5;14;18;9;3;2;2;0;0
08/02/2026;Brighton;Crystal Palace;0;1;A;0;0;D;T Bramall;7;7;2;4;12;9;3;4;1;3;0;0
08/02/2026;Liverpool;Man City;1;2;A;0;0;D;C Pawson;15;17;4;7;13;16;5;4;2;4;1;0
10/02/2026;Chelsea;Leeds;2;2;D;1;0;H;R Jones;19;4;4;2;9;13;4;1;4;4;0;0
10/02/2026;Everton;Bournemouth;1;2;A;1;0;H;A Madley;16;11;6;4;14;15;7;2;1;3;1;0
10/02/2026;Tottenham;Newcastle;1;2;A;0;1;A;A Taylor;16;21;2;5;15;11;2;12;3;2;0;0
10/02/2026;West Ham;Man United;1;1;D;0;0;D;S Hooper;7;9;3;3;10;4;5;3;1;1;0;0
11/02/2026;Aston Villa;Brighton;1;0;H;0;0;D;P Bankes;15;9;1;3;9;15;7;5;2;3;0;0
11/02/2026;Crystal Palace;Burnley;2;3;A;2;3;A;F Hallam;21;8;3;3;11;8;8;2;2;1;0;0
11/02/2026;Man City;Fulham;3;0;H;3;0;H;P Tierney;13;14;5;3;8;10;4;4;3;1;0;0
11/02/2026;Nott'm Forest;Wolves;0;0;D;0;0;D;T Robinson;35;7;10;3;12;13;8;2;0;2;0;0
11/02/2026;Sunderland;Liverpool;0;1;A;0;0;D;C Kavanagh;11;23;2;3;8;10;3;11;1;0;0;0
12/02/2026;Brentford;Arsenal;1;1;D;0;0;D;J Brooks;12;7;3;2;12;11;6;4;3;2;0;0
18/02/2026;Wolves;Arsenal;2;2;D;0;1;A;P Tierney;5;10;2;4;6;8;1;3;2;1;0;0
21/02/2026;Aston Villa;Leeds;1;1;D;0;1;A;M Oliver;16;14;4;4;11;16;7;2;1;4;0;0
21/02/2026;Brentford;Brighton;0;2;A;0;2;A;J Gillett;13;11;3;7;9;14;6;4;1;2;0;0
21/02/2026;Chelsea;Burnley;1;1;D;1;0;H;L Smith;12;12;2;4;13;11;9;5;2;2;1;0
21/02/2026;West Ham;Bournemouth;0;0;D;0;0;D;S Barrott;20;10;3;5;10;11;9;5;1;1;0;0
21/02/2026;Man City;Newcastle;2;1;H;2;1;H;T Bramall;15;13;7;7;12;13;5;5;2;5;0;0
22/02/2026;Crystal Palace;Wolves;1;0;H;0;0;D;T Kirk;14;12;3;7;19;13;7;3;5;1;0;1
22/02/2026;Nott'm Forest;Liverpool;0;1;A;0;0;D;A Taylor;18;10;2;4;13;9;7;2;2;0;0;0
22/02/2026;Sunderland;Fulham;1;3;A;0;0;D;C Pawson;12;12;2;4;6;13;6;4;1;1;0;0
22/02/2026;Tottenham;Arsenal;1;4;A;1;1;D;P Bankes;6;20;5;7;17;11;2;5;2;1;0;0
23/02/2026;Everton;Man United;0;1;A;0;0;D;D England;12;11;4;3;12;7;10;1;2;3;0;0
27/02/2026;Wolves;Aston Villa;2;0;H;0;0;D;C Pawson;9;14;2;5;13;19;0;5;3;3;0;0
28/02/2026;Bournemouth;Sunderland;1;1;D;0;1;A;J Gillett;21;8;5;4;15;12;7;3;4;2;0;0
28/02/2026;Burnley;Brentford;3;4;A;1;3;A;S Barrott;12;16;3;7;9;9;4;8;2;2;0;0
28/02/2026;Liverpool;West Ham;5;2;H;3;0;H;T Robinson;18;11;7;4;12;11;10;5;2;2;0;0
28/02/2026;Newcastle;Everton;2;3;A;1;2;A;S Attwell;17;9;7;5;15;7;7;2;2;3;0;0
28/02/2026;Leeds;Man City;0;1;A;0;1;A;P Bankes;14;14;2;5;10;8;5;3;0;3;0;0
01/03/2026;Brighton;Nott'm Forest;2;1;H;2;1;H;A Madley;14;13;7;4;12;13;4;4;3;1;0;0
01/03/2026;Fulham;Tottenham;2;1;H;2;0;H;T Bramall;18;13;4;1;11;14;5;8;3;3;0;0
01/03/2026;Man United;Crystal Palace;2;1;H;0;1;A;C Kavanagh;20;8;11;3;13;12;7;1;2;2;0;1
01/03/2026;Arsenal;Chelsea;2;1;H;1;1;D;D England;12;9;5;3;11;14;5;10;1;3;0;1
03/03/2026;Bournemouth;Brentford;0;0;D;0;0;D;C Pawson;13;5;2;2;9;10;4;3;2;1;0;0
03/03/2026;Everton;Burnley;2;0;H;1;0;H;T Robinson;14;5;5;2;10;12;6;3;0;1;0;0
03/03/2026;Leeds;Sunderland;0;1;A;0;0;D;S Attwell;18;3;4;1;15;19;9;2;1;3;0;0
03/03/2026;Wolves;Liverpool;2;1;H;0;0;D;T Bramall;4;19;3;7;10;13;2;11;2;1;0;0
04/03/2026;Aston Villa;Chelsea;1;4;A;1;2;A;J Gillett;9;15;4;8;10;9;3;8;3;2;0;0
04/03/2026;Brighton;Arsenal;0;1;A;0;1;A;C Kavanagh;11;7;3;2;14;12;4;3;4;1;0;0
04/03/2026;Fulham;West Ham;0;1;A;0;0;D;M Donohue;13;9;5;3;14;12;7;5;2;4;0;0
04/03/2026;Man City;Nott'm Forest;2;2;D;1;0;H;D England;21;9;7;4;10;6;6;1;0;4;0;0
04/03/2026;Newcastle;Man United;2;1;H;1;1;D;P Bankes;12;14;5;5;15;16;2;4;2;3;1;0
05/03/2026;Tottenham;Crystal Palace;1;3;A;1;3;A;A Madley;12;9;4;4;14;14;6;3;3;2;0;0
14/03/2026;Burnley;Bournemouth;0;0;D;0;0;D;P Bankes;15;22;2;3;11;5;5;8;1;0;0;0
14/03/2026;Sunderland;Brighton;0;1;A;0;0;D;T Kirk;14;12;4;4;7;12;7;3;1;2;0;0
14/03/2026;Arsenal;Everton;2;0;H;0;0;D;A Madley;25;9;7;3;11;12;8;3;0;0;0;0
14/03/2026;Chelsea;Newcastle;0;1;A;0;1;A;P Tierney;22;7;3;5;9;10;8;1;2;2;0;0
14/03/2026;West Ham;Man City;1;1;D;1;1;D;M Oliver;1;24;1;6;14;5;1;15;2;2;0;0
15/03/2026;Crystal Palace;Leeds;0;0;D;0;0;D;T Bramall;12;10;0;3;12;11;8;3;2;1;0;1
15/03/2026;Man United;Aston Villa;3;1;H;0;0;D;A Taylor;16;9;6;2;10;5;6;6;3;2;0;0
15/03/2026;Nott'm Forest;Fulham;0;0;D;0;0;D;S Barrott;11;5;2;0;8;10;5;4;2;3;0;0
15/03/2026;Liverpool;Tottenham;1;1;D;1;0;H;C Kavanagh;17;13;4;7;8;13;3;4;0;0;0;0
16/03/2026;Brentford;Wolves;2;2;D;2;1;H;S Attwell;10;13;3;4;12;10;1;5;2;4;0;0
20/03/2026;Bournemouth;Man United;2;2;D;0;0;D;S Attwell;16;14;5;5;10;9;6;8;2;2;0;1
21/03/2026;Brighton;Liverpool;2;1;H;1;1;D;D England;16;12;7;5;11;11;4;8;5;5;0;0
21/03/2026;Fulham;Burnley;3;1;H;0;0;D;C Kavanagh;22;9;6;5;6;9;6;6;2;2;0;1
21/03/2026;Everton;Chelsea;3;0;H;1;0;H;S Barrott;10;12;9;4;6;7;3;9;0;2;0;0
21/03/2026;Leeds;Brentford;0;0;D;0;0;D;J Gillett;14;6;4;2;6;9;6;2;2;0;0;0
22/03/2026;Newcastle;Sunderland;1;2;A;1;0;H;A Taylor;16;17;4;7;8;19;9;5;1;6;0;0
22/03/2026;Aston Villa;West Ham;2;0;H;1;0;H;P Tierney;23;9;7;1;3;7;6;6;0;1;0;0
22/03/2026;Tottenham;Nott'm Forest;0;3;A;0;1;A;M Oliver;14;8;3;7;13;13;13;3;1;2;0;0
10/04/2026;West Ham;Wolves;4;0;H;1;0;H;J Gillett;18;14;7;3;11;7;5;2;2;2;0;0
11/04/2026;Arsenal;Bournemouth;1;2;A;1;1;D;M Oliver;15;8;3;3;12;18;10;1;1;3;0;0
11/04/2026;Brentford;Everton;2;2;D;1;1;D;F Hallam;17;14;4;7;6;7;2;3;0;2;0;0
11/04/2026;Burnley;Brighton;0;2;A;0;1;A;T Bramall;10;13;5;6;7;11;8;2;2;1;0;0
11/04/2026;Liverpool;Fulham;2;0;H;2;0;H;A Taylor;18;19;5;4;10;4;6;9;0;0;0;0
12/04/2026;Crystal Palace;Newcastle;2;1;H;0;1;A;A Madley;11;7;5;3;17;12;2;4;0;3;0;0
12/04/2026;Nott'm Forest;Aston Villa;1;1;D;1;1;D;M Salisbury;15;12;4;5;15;10;7;3;2;2;0;0
12/04/2026;Sunderland;Tottenham;1;0;H;0;0;D;R Jones;13;11;2;7;14;15;2;6;3;3;0;0
12/04/2026;Chelsea;Man City;0;3;A;0;0;D;C Kavanagh;12;18;3;8;10;14;4;12;3;1;0;0
13/04/2026;Man United;Leeds;1;2;A;0;2;A;P Tierney;20;15;9;6;12;15;11;4;3;2;1;0
18/04/2026;Brentford;Fulham;0;0;D;0;0;D;P Tierney;13;11;4;0;8;13;9;3;0;1;0;0
18/04/2026;Leeds;Wolves;3;0;H;2;0;H;F Hallam;17;7;6;2;9;17;5;6;2;1;0;0
18/04/2026;Newcastle;Bournemouth;1;2;A;0;1;A;T Bramall;12;12;3;3;11;12;2;3;2;4;0;0
18/04/2026;Tottenham;Brighton;2;2;D;1;1;D;S Attwell;13;10;6;3;14;14;7;5;3;1;0;0
18/04/2026;Chelsea;Man United;0;1;A;0;1;A;M Oliver;21;4;3;1;12;13;7;1;1;3;0;0
19/04/2026;Aston Villa;Sunderland;4;3;H;2;1;H;S Barrott;15;10;7;7;11;11;4;5;1;3;0;0
19/04/2026;Everton;Liverpool;1;2;A;0;1;A;C Kavanagh;10;14;4;6;8;12;1;6;2;0;0;0
19/04/2026;Nott'm Forest;Burnley;4;1;H;0;1;A;T Kirk;10;4;4;3;8;12;4;4;0;2;0;0
19/04/2026;Man City;Arsenal;2;1;H;1;1;D;A Taylor;15;9;5;3;5;12;8;5;2;2;0;0
20/04/2026;Crystal Palace;West Ham;0;0;D;0;0;D;D England;9;9;1;4;13;12;4;6;2;1;0;0
21/04/2026;Brighton;Chelsea;3;0;H;1;0;H;C Pawson;15;6;9;0;15;6;6;5;1;1;0;0
22/04/2026;Bournemouth;Leeds;2;2;D;0;0;D;M Salisbury;17;10;7;3;6;10;12;1;3;0;0;0
22/04/2026;Burnley;Man City;0;1;A;0;1;A;A Madley;9;28;1;9;10;12;3;11;0;0;0;0
24/04/2026;Sunderland;Nott'm Forest;0;5;A;0;4;A;D England;14;10;4;6;13;15;3;6;2;5;0;0
25/04/2026;Fulham;Aston Villa;1;0;H;1;0;H;M Oliver;13;10;6;1;14;12;2;5;2;2;0;0
25/04/2026;Liverpool;Crystal Palace;3;1;H;2;0;H;A Madley;9;14;3;7;10;10;5;8;1;3;0;0
25/04/2026;West Ham;Everton;2;1;H;0;0;D;S Attwell;10;11;3;3;9;11;3;4;3;4;0;0
25/04/2026;Wolves;Tottenham;0;1;A;0;0;D;A Taylor;11;11;2;2;8;14;5;5;3;4;0;0
25/04/2026;Arsenal;Newcastle;1;0;H;1;0;H;S Barrott;11;13;4;3;13;10;7;2;2;2;0;0
27/04/2026;Man United;Brentford;2;1;H;2;0;H;C Kavanagh;11;12;6;4;6;9;7;8;2;4;0;0
01/05/2026;Leeds;Burnley;3;1;H;1;0;H;T Bramall;18;9;8;3;12;11;5;0;4;3;0;0
02/05/2026;Brentford;West Ham;3;0;H;1;0;H;C Pawson;14;13;6;4;8;12;2;6;1;3;0;0
02/05/2026;Newcastle;Brighton;3;1;H;2;0;H;C Kavanagh;13;13;6;4;10;12;2;10;3;3;0;0
02/05/2026;Wolves;Sunderland;1;1;D;0;1;A;P Tierney;20;10;7;2;11;11;6;3;0;4;0;1
02/05/2026;Arsenal;Fulham;3;0;H;3;0;H;J Gillett;18;10;9;1;7;12;3;4;0;1;0;0
03/05/2026;Bournemouth;Crystal Palace;3;0;H;2;0;H;R Jones;16;7;5;1;10;11;7;1;0;2;0;0
03/05/2026;Man United;Liverpool;3;2;H;2;0;H;D England;18;13;6;5;12;11;3;2;2;2;0;0
03/05/2026;Aston Villa;Tottenham;1;2;A;0;2;A;S Barrott;5;10;1;5;12;12;5;5;2;5;0;0
04/05/2026;Chelsea;Nott'm Forest;1;3;A;0;2;A;A Taylor;21;6;5;4;12;10;10;1;3;1;0;0
04/05/2026;Everton;Man City;3;3;D;0;1;A;M Oliver;14;21;6;4;15;5;5;9;4;1;0;0
09/05/2026;Liverpool;Chelsea;1;1;D;1;1;D;C Pawson;8;6;3;3;17;17;5;2;2;4;0;0
09/05/2026;Brighton;Wolves;3;0;H;2;0;H;J Brooks;14;5;6;1;9;11;7;1;1;2;0;0
09/05/2026;Fulham;Bournemouth;0;1;A;0;0;D;A Madley;14;10;2;5;12;21;11;2;4;2;1;1
09/05/2026;Sunderland;Man United;0;0;D;0;0;D;S Attwell;15;11;4;1;12;12;7;8;0;3;0;0
09/05/2026;Man City;Brentford;3;0;H;0;0;D;M Salisbury;25;4;10;2;8;14;10;2;4;2;0;0
10/05/2026;Burnley;Aston Villa;2;2;D;1;1;D;A Taylor;15;18;6;7;18;8;2;8;1;1;0;0
10/05/2026;Crystal Palace;Everton;2;2;D;1;1;D;T Bramall;21;13;8;6;5;13;5;10;0;2;0;0
10/05/2026;Nott'm Forest;Newcastle;1;1;D;0;0;D;P Tierney;17;16;6;6;16;11;2;1;2;0;0;0
10/05/2026;West Ham;Arsenal;0;1;A;0;0;D;C Kavanagh;9;15;3;4;14;12;4;3;3;4;0;0
11/05/2026;Tottenham;Leeds;1;1;D;0;0;D;J Gillett;16;11;3;4;12;7;14;2;3;1;0;0
13/05/2026;Man City;Crystal Palace;3;0;H;2;0;H;S Attwell;15;6;4;2;10;7;9;4;0;2;0;0
15/05/2026;Aston Villa;Liverpool;4;2;H;1;0;H;C Kavanagh;14;16;9;5;12;9;4;9;3;1;0;0
17/05/2026;Man United;Nott'm Forest;3;2;H;1;0;H;M Salisbury;29;11;8;4;11;5;7;6;2;1;0;0
17/05/2026;Brentford;Crystal Palace;2;2;D;1;1;D;S Barrott;14;16;3;5;7;5;9;4;1;3;0;0
17/05/2026;Everton;Sunderland;1;3;A;1;0;H;J Brooks;10;7;4;3;14;9;3;2;3;0;0;0
17/05/2026;Leeds;Brighton;1;0;H;0;0;D;M Oliver;7;19;1;8;9;7;7;8;1;0;0;0
17/05/2026;Wolves;Fulham;1;1;D;1;1;D;T Kirk;11;13;3;5;20;8;3;6;1;0;0;0
17/05/2026;Newcastle;West Ham;3;1;H;2;0;H;J Gillett;15;15;7;8;8;11;9;1;1;3;0;0
18/05/2026;Arsenal;Burnley;1;0;H;1;0;H;P Tierney;13;5;3;0;7;16;3;3;1;3;0;0
19/05/2026;Bournemouth;Man City;1;1;D;1;0;H;A Taylor;10;14;2;5;16;7;7;6;4;2;0;0
19/05/2026;Chelsea;Tottenham;2;1;H;1;0;H;S Attwell;9;9;4;3;11;18;3;4;4;3;0;0
24/05/2026;Brighton;Man United;0;3;A;0;2;A;S Barrott;13;11;2;7;11;8;0;3;0;1;0;0
24/05/2026;Burnley;Wolves;1;1;D;0;1;A;A Kitchen;16;16;8;4;10;11;7;7;2;2;0;0
24/05/2026;Crystal Palace;Arsenal;1;2;A;0;1;A;F Hallam;8;17;3;7;9;12;3;4;0;1;0;0
24/05/2026;Fulham;Newcastle;2;0;H;1;0;H;R Jones;21;7;6;2;13;6;6;6;2;2;0;0
24/05/2026;Liverpool;Brentford;1;1;D;0;0;D;D England;24;11;8;2;9;9;14;2;2;3;0;0
24/05/2026;Man City;Aston Villa;1;2;A;1;0;H;A Madley;16;12;3;5;8;4;9;4;1;0;0;0
24/05/2026;Nott'm Forest;Bournemouth;1;1;D;1;0;H;C Pawson;15;17;5;4;11;7;6;3;1;1;0;0
24/05/2026;Sunderland;Chelsea;2;1;H;1;0;H;C Kavanagh;20;10;2;1;15;18;7;7;3;2;0;0
24/05/2026;Tottenham;Everton;1;0;H;1;0;H;M Oliver;21;8;6;3;15;12;6;2;5;3;0;1
24/05/2026;West Ham;Leeds;3;0;H;0;0;D;A Taylor;16;13;9;3;11;14;6;4;0;3;0;0
Date;HomeTeam;AwayTeam;FTHG;FTAG;FTR;HTHG;HTAG;HTR;Referee;HS;AS;HST;AST;HF;AF;HC;AC;HY;AY;HR;AR
15/08/2025;Girona;Vallecano;1;3;A;0;3;A;;7;16;2;5;8;17;2;4;0;1;1;0
15/08/2025;Villarreal;Oviedo;2;0;H;2;0;H;;25;5;10;4;10;8;10;1;1;2;0;1
16/08/2025;Mallorca;Barcelona;0;3;A;0;2;A;;4;24;1;8;8;17;3;6;4;1;2;0
16/08/2025;Alaves;Levante;2;1;H;1;0;H;;15;7;4;3;15;13;10;1;0;1;0;0
16/08/2025;Valencia;Sociedad;1;1;D;0;0;D;;18;13;2;3;5;11;8;7;1;2;0;0
17/08/2025;Celta;Getafe;0;2;A;0;0;D;;11;10;3;3;15;17;9;3;3;2;0;0
17/08/2025;Ath Bilbao;Sevilla;3;2;H;2;0;H;;14;12;3;6;8;12;10;1;0;2;0;0
17/08/2025;Espanol;Ath Madrid;2;1;H;0;1;A;;10;15;5;4;14;11;1;3;3;3;0;0
18/08/2025;Elche;Betis;1;1;D;0;1;A;;6;12;2;4;14;13;1;3;0;1;0;0
19/08/2025;Real Madrid;Osasuna;1;0;H;0;0;D;;18;2;5;0;10;12;7;0;1;0;0;1
22/08/2025;Betis;Alaves;1;0;H;1;0;H;;16;11;5;5;10;17;5;2;2;3;0;0
23/08/2025;Mallorca;Celta;1;1;D;0;1;A;;12;8;4;2;12;12;3;4;3;3;0;0
23/08/2025;Ath Madrid;Elche;1;1;D;1;1;D;;13;6;6;2;14;7;10;2;0;3;0;0
23/08/2025;Levante;Barcelona;2;3;A;2;0;H;;8;26;5;10;10;8;0;11;3;1;0;0
24/08/2025;Osasuna;Valencia;1;0;H;1;0;H;;16;4;4;1;14;13;3;4;2;1;0;1
24/08/2025;Sociedad;Espanol;2;2;D;0;2;A;;15;14;7;3;16;18;5;2;2;2;0;0
24/08/2025;Villarreal;Girona;5;0;H;4;0;H;;19;5;7;2;8;9;8;1;1;2;0;0
24/08/2025;Oviedo;Real Madrid;0;3;A;0;1;A;;6;26;3;10;8;7;1;9;2;1;0;0
25/08/2025;Ath Bilbao;Vallecano;1;0;H;0;0;D;;11;6;4;1;13;13;3;6;0;4;0;0
25/08/2025;Sevilla;Getafe;1;2;A;1;1;D;;12;9;3;6;10;24;5;3;2;2;0;0
27/08/2025;Celta;Betis;1;1;D;0;1;A;;14;7;5;2;13;11;10;4;1;2;0;0
29/08/2025;Elche;Levante;2;0;H;0;0;D;;16;11;5;1;14;17;4;2;1;2;0;0
29/08/2025;Valencia;Getafe;3;0;H;1;0;H;;7;11;4;1;18;7;8;6;2;0;0;0
30/08/2025;Alaves;Ath Madrid;1;1;D;1;1;D;;5;15;2;6;10;17;1;6;2;3;0;0
30/08/2025;Oviedo;Sociedad;1;0;H;1;0;H;;8;18;1;6;7;18;1;10;2;1;0;0
30/08/2025;Girona;Sevilla;0;2;A;0;1;A;;20;13;5;4;5;14;11;3;0;2;0;0
30/08/2025;Real Madrid;Mallorca;2;1;H;2;1;H;;17;9;7;5;12;7;4;5;2;0;0;0
31/08/2025;Celta;Villarreal;1;1;D;0;0;D;;10;8;2;3;11;8;1;5;1;1;0;0
31/08/2025;Betis;Ath Bilbao;1;2;A;0;0;D;;9;15;2;6;9;16;4;10;1;4;0;1
31/08/2025;Espanol;Osasuna;1;0;H;0;0;D;;10;10;4;3;13;14;2;3;2;3;0;0
31/08/2025;Vallecano;Barcelona;1;1;D;0;1;A;;12;12;6;3;16;8;9;4;4;1;0;0
12/09/2025;Sevilla;Elche;2;2;D;1;0;H;;7;5;3;2;23;19;2;2;4;3;0;0
13/09/2025;Getafe;Oviedo;2;0;H;2;0;H;;10;5;3;1;12;18;4;3;2;5;0;1
13/09/2025;Sociedad;Real Madrid;1;2;A;0;2;A;;23;16;4;6;17;7;12;4;2;1;0;1
13/09/2025;Ath Bilbao;Alaves;0;1;A;0;0;D;;12;4;3;2;17;21;6;6;4;3;0;0
13/09/2025;Ath Madrid;Villarreal;2;0;H;1;0;H;;8;8;3;1;12;15;8;3;2;4;0;0
14/09/2025;Celta;Girona;1;1;D;0;1;A;;21;13;7;8;7;9;10;3;0;3;0;0
14/09/2025;Levante;Betis;2;2;D;2;1;H;;5;28;2;9;16;11;4;12;3;2;0;0
14/09/2025;Osasuna;Vallecano;2;0;H;1;0;H;;9;19;7;6;13;7;3;6;3;2;0;0
14/09/2025;Barcelona;Valencia;6;0;H;1;0;H;;24;2;10;1;9;8;5;4;0;1;0;0
15/09/2025;Espanol;Mallorca;3;2;H;2;1;H;;9;24;3;10;9;16;3;9;2;1;1;0
19/09/2025;Betis;Sociedad;3;1;H;1;1;D;;21;11;6;5;7;20;3;5;3;7;0;0
20/09/2025;Girona;Levante;0;4;A;0;1;A;;7;14;1;7;11;17;5;4;4;3;2;0
20/09/2025;Real Madrid;Espanol;2;0;H;1;0;H;;16;8;5;1;10;20;5;3;2;0;0;0
20/09/2025;Alaves;Sevilla;1;2;A;1;1;D;;8;9;5;3;20;19;4;4;1;7;0;0
20/09/2025;Villarreal;Osasuna;2;1;H;0;1;A;;26;6;8;3;10;11;7;0;2;3;0;1
20/09/2025;Valencia;Ath Bilbao;2;0;H;0;0;D;;13;11;5;5;13;6;5;6;1;1;0;1
21/09/2025;Vallecano;Celta;1;1;D;0;0;D;;15;9;5;5;8;10;5;7;1;1;0;0
21/09/2025;Mallorca;Ath Madrid;1;1;D;0;0;D;;8;12;3;7;14;6;3;6;0;0;0;1
21/09/2025;Elche;Oviedo;1;0;H;1;0;H;;15;12;5;4;9;18;3;3;2;2;0;0
21/09/2025;Barcelona;Getafe;3;0;H;2;0;H;;16;3;7;2;9;15;3;2;2;4;0;0
23/09/2025;Ath Bilbao;Girona;1;1;D;0;1;A;;17;6;5;3;19;15;8;1;0;2;0;0
23/09/2025;Espanol;Valencia;2;2;D;0;1;A;;21;5;10;2;9;9;8;3;1;4;0;0
23/09/2025;Levante;Real Madrid;1;4;A;0;2;A;;11;24;2;10;17;9;1;7;1;1;0;0
23/09/2025;Sevilla;Villarreal;1;2;A;0;1;A;;16;12;2;5;17;14;3;3;2;3;0;0
24/09/2025;Getafe;Alaves;1;1;D;0;0;D;;7;10;1;4;14;20;2;7;2;3;0;0
24/09/2025;Ath Madrid;Vallecano;3;2;H;1;1;D;;20;9;8;3;6;12;8;6;3;4;0;0
24/09/2025;Sociedad;Mallorca;1;0;H;0;0;D;;17;7;4;3;13;15;11;2;2;2;0;0
25/09/2025;Osasuna;Elche;1;1;D;1;0;H;;9;12;2;4;19;13;2;3;2;2;0;0
25/09/2025;Oviedo;Barcelona;1;3;A;1;0;H;;7;22;3;10;10;6;6;9;1;0;0;0
26/09/2025;Girona;Espanol;0;0;D;0;0;D;;12;20;3;5;9;11;8;4;0;1;0;0
27/09/2025;Getafe;Levante;1;1;D;0;1;A;;11;11;4;3;15;16;6;2;4;3;0;0
27/09/2025;Ath Madrid;Real Madrid;5;2;H;2;2;D;;13;6;7;2;17;14;7;2;5;4;0;0
27/09/2025;Mallorca;Alaves;1;0;H;1;0;H;;12;12;3;3;14;18;4;8;2;3;0;0
27/09/2025;Villarreal;Ath Bilbao;1;0;H;0;0;D;;14;16;5;4;13;11;6;5;2;0;0;0
28/09/2025;Vallecano;Sevilla;0;1;A;0;0;D;;18;4;6;1;12;15;12;4;3;2;1;0
28/09/2025;Elche;Celta;2;1;H;1;1;D;;17;8;8;2;12;20;7;2;3;3;0;0
28/09/2025;Barcelona;Sociedad;2;1;H;1;1;D;;22;7;12;2;6;12;12;1;1;2;0;0
28/09/2025;Betis;Osasuna;2;0;H;2;0;H;;12;12;6;1;6;7;5;5;0;1;0;0
30/09/2025;Valencia;Oviedo;1;2;A;1;0;H;;16;10;5;4;14;12;5;4;1;4;0;1
03/10/2025;Osasuna;Getafe;2;1;H;1;1;D;;7;6;3;2;11;14;1;6;1;4;0;0
04/10/2025;Oviedo;Levante;0;2;A;0;1;A;;13;14;2;5;10;10;9;3;2;2;0;0
04/10/2025;Girona;Valencia;2;1;H;1;0;H;;4;19;4;6;13;12;0;7;5;1;2;0
04/10/2025;Ath Bilbao;Mallorca;2;1;H;1;0;H;;18;7;5;2;16;13;7;2;5;6;0;1
04/10/2025;Real Madrid;Villarreal;3;1;H;0;0;D;;26;9;7;2;9;14;4;0;2;4;0;1
05/10/2025;Alaves;Elche;3;1;H;0;0;D;;25;6;5;3;13;9;14;4;3;1;0;1
05/10/2025;Sevilla;Barcelona;4;1;H;2;1;H;;13;17;5;8;18;9;7;6;7;5;0;0
05/10/2025;Espanol;Betis;1;2;A;1;0;H;;14;12;5;3;16;4;10;5;2;6;0;0
05/10/2025;Sociedad;Vallecano;0;1;A;0;0;D;;10;7;3;2;13;21;7;5;1;2;0;0
05/10/2025;Celta;Ath Madrid;1;1;D;0;1;A;;18;6;4;1;7;10;6;3;1;3;0;1
17/10/2025;Oviedo;Espanol;0;2;A;0;0;D;;13;19;4;10;9;8;3;5;2;1;0;0
18/10/2025;Sevilla;Mallorca;1;3;A;1;0;H;;13;7;4;6;16;13;9;2;2;1;0;0
18/10/2025;Barcelona;Girona;2;1;H;1;1;D;;27;11;9;4;10;7;11;5;1;2;0;0
18/10/2025;Villarreal;Betis;2;2;D;1;0;H;;7;16;3;3;13;10;5;6;1;1;0;0
18/10/2025;Ath Madrid;Osasuna;1;0;H;0;0;D;;18;9;9;2;10;11;4;2;1;3;0;0
19/10/2025;Elche;Ath Bilbao;0;0;D;0;0;D;;15;4;5;1;14;20;6;2;2;3;0;0
19/10/2025;Celta;Sociedad;1;1;D;1;0;H;;4;17;1;7;10;20;1;10;4;3;1;0
19/10/2025;Levante;Vallecano;0;3;A;0;2;A;;17;10;4;5;6;18;11;4;0;1;0;0
19/10/2025;Getafe;Real Madrid;0;1;A;0;0;D;;7;23;1;10;27;11;1;4;4;1;2;0
20/10/2025;Alaves;Valencia;0;0;D;0;0;D;;13;5;3;2;13;20;7;0;1;2;0;0
24/10/2025;Sociedad;Sevilla;2;1;H;2;1;H;;5;6;3;1;19;14;1;9;1;3;0;0
25/10/2025;Girona;Oviedo;3;3;D;0;1;A;;8;10;6;5;13;16;11;4;4;3;0;0
25/10/2025;Espanol;Elche;1;0;H;0;0;D;;16;13;7;4;14;15;4;2;4;2;0;0
25/10/2025;Ath Bilbao;Getafe;0;1;A;0;0;D;;7;8;4;3;15;14;1;5;1;3;0;0
25/10/2025;Valencia;Villarreal;0;2;A;0;1;A;;15;12;3;5;13;14;7;5;2;4;0;0
26/10/2025;Mallorca;Levante;1;1;D;0;1;A;;20;13;4;5;8;13;5;4;3;2;0;0
26/10/2025;Real Madrid;Barcelona;2;1;H;2;1;H;;23;15;10;6;12;9;12;4;5;5;1;1
26/10/2025;Osasuna;Celta;2;3;A;2;1;H;;17;11;7;5;10;13;6;2;3;4;0;0
26/10/2025;Vallecano;Alaves;1;0;H;0;0;D;;15;12;5;2;13;11;7;5;1;3;0;0
27/10/2025;Betis;Ath Madrid;0;2;A;0;2;A;;17;9;5;4;9;18;2;5;2;1;0;0
31/10/2025;Getafe;Girona;2;1;H;0;0;D;;12;8;4;4;17;15;8;3;1;1;0;0
01/11/2025;Villarreal;Vallecano;4;0;H;1;0;H;;16;13;7;3;7;11;3;5;1;1;0;0
01/11/2025;Ath Madrid;Sevilla;3;0;H;0;0;D;;15;10;6;2;9;12;9;4;0;3;0;0
01/11/2025;Sociedad;Ath Bilbao;3;2;H;1;1;D;;9;11;5;4;20;8;6;2;2;3;0;0
01/11/2025;Real Madrid;Valencia;4;0;H;3;0;H;;21;4;11;1;14;7;7;1;1;1;0;0
02/11/2025;Levante;Celta;1;2;A;0;1;A;;9;20;3;6;10;12;4;4;2;3;1;0
02/11/2025;Alaves;Espanol;2;1;H;2;0;H;;13;18;4;2;14;12;1;6;4;2;1;0
02/11/2025;Barcelona;Elche;3;1;H;2;1;H;;17;9;5;3;12;16;6;3;0;1;0;0
02/11/2025;Betis;Mallorca;3;0;H;3;0;H;;15;14;8;1;9;8;4;5;0;3;0;0
03/11/2025;Oviedo;Osasuna;0;0;D;0;0;D;;8;11;2;5;17;17;4;2;3;1;0;0
07/11/2025;Elche;Sociedad;1;1;D;0;0;D;;12;13;3;5;14;15;1;3;1;3;0;0
08/11/2025;Girona;Alaves;1;0;H;1;0;H;;10;14;2;5;9;15;6;1;0;3;0;0
08/11/2025;Sevilla;Osasuna;1;0;H;0;0;D;;10;9;4;3;21;13;5;6;5;3;0;0
08/11/2025;Ath Madrid;Levante;3;1;H;1;1;D;;25;6;10;3;5;6;21;4;3;1;0;0
08/11/2025;Espanol;Villarreal;0;2;A;0;1;A;;14;9;3;3;9;9;4;2;0;2;0;0
09/11/2025;Ath Bilbao;Oviedo;1;0;H;1;0;H;;21;5;7;2;12;8;7;4;1;1;0;0
09/11/2025;Vallecano;Real Madrid;0;0;D;0;0;D;;13;21;2;5;17;7;5;8;3;2;0;0
09/11/2025;Mallorca;Getafe;1;0;H;1;0;H;;6;14;4;3;15;8;1;14;0;2;0;0
09/11/2025;Valencia;Betis;1;1;D;0;0;D;;17;9;4;2;13;10;7;2;3;3;0;0
09/11/2025;Celta;Barcelona;2;4;A;2;3;A;;5;21;3;9;13;10;2;5;1;5;0;1
21/11/2025;Valencia;Levante;1;0;H;0;0;D;;14;8;3;1;16;15;7;0;4;3;0;0
22/11/2025;Alaves;Celta;0;1;A;0;0;D;;5;7;2;4;21;15;4;2;2;2;0;0
22/11/2025;Barcelona;Ath Bilbao;4;0;H;2;0;H;;19;13;7;2;9;9;5;7;0;2;0;1
22/11/2025;Osasuna;Sociedad;1;3;A;1;0;H;;14;19;4;9;13;7;3;3;3;2;1;0
22/11/2025;Villarreal;Mallorca;2;1;H;1;1;D;;14;9;7;3;17;8;3;1;2;2;0;0
23/11/2025;Oviedo;Vallecano;0;0;D;0;0;D;;8;11;3;3;11;13;5;6;1;2;1;1
23/11/2025;Betis;Girona;1;1;D;0;1;A;;23;11;7;4;10;16;8;0;3;4;1;0
23/11/2025;Getafe;Ath Madrid;0;1;A;0;0;D;;9;13;1;6;9;17;6;7;2;3;0;0
23/11/2025;Elche;Real Madrid;2;2;D;0;0;D;;15;20;6;7;10;8;2;8;4;0;1;0
24/11/2025;Espanol;Sevilla;2;1;H;0;0;D;;8;22;5;6;18;7;4;13;4;1;0;0
28/11/2025;Getafe;Elche;1;0;H;0;0;D;;15;9;6;4;18;11;3;5;2;2;0;0
29/11/2025;Mallorca;Osasuna;2;2;D;0;0;D;;7;14;4;2;10;15;2;8;3;4;0;0
29/11/2025;Barcelona;Alaves;3;1;H;2;1;H;;18;9;6;2;10;17;5;4;2;3;0;0
29/11/2025;Levante;Ath Bilbao;0;2;A;0;2;A;;11;14;4;4;11;19;4;2;3;2;0;0
29/11/2025;Ath Madrid;Oviedo;2;0;H;2;0;H;;14;12;8;1;5;8;7;2;0;1;0;0
30/11/2025;Sociedad;Villarreal;2;3;A;0;1;A;;18;10;7;5;15;18;8;2;3;7;0;0
30/11/2025;Sevilla;Betis;0;2;A;0;0;D;;9;9;3;4;14;22;6;4;2;3;1;0
30/11/2025;Celta;Espanol;0;1;A;0;0;D;;11;9;4;2;12;15;4;3;1;2;0;0
30/11/2025;Girona;Real Madrid;1;1;D;1;0;H;;10;25;4;4;9;13;2;5;3;0;0;0
01/12/2025;Vallecano;Valencia;1;1;D;1;0;H;;19;10;7;2;11;9;10;5;1;1;0;0
02/12/2025;Barcelona;Ath Madrid;3;1;H;1;1;D;;19;7;6;2;12;9;5;4;1;1;0;0
03/12/2025;Ath Bilbao;Real Madrid;0;3;A;0;2;A;;9;13;4;8;15;4;5;7;2;0;0;0
05/12/2025;Oviedo;Mallorca;0;0;D;0;0;D;;15;13;3;6;14;12;8;5;2;1;2;0
06/12/2025;Villarreal;Getafe;2;0;H;1;0;H;;10;6;5;0;19;15;5;3;2;4;0;1
06/12/2025;Alaves;Sociedad;1;0;H;1;0;H;;14;10;3;1;20;16;5;8;2;2;0;0
06/12/2025;Betis;Barcelona;3;5;A;1;4;A;;17;16;5;8;14;9;7;7;5;2;0;0
06/12/2025;Ath Bilbao;Ath Madrid;1;0;H;0;0;D;;14;7;3;3;9;12;5;6;3;2;0;0
07/12/2025;Elche;Girona;3;0;H;1;0;H;;11;8;6;4;18;13;2;2;0;3;0;0
07/12/2025;Valencia;Sevilla;1;1;D;0;0;D;;11;4;3;1;12;18;2;2;3;6;0;0
07/12/2025;Espanol;Vallecano;1;0;H;1;0;H;;9;6;2;2;19;22;6;2;4;8;1;1
07/12/2025;Real Madrid;Celta;0;2;A;0;0;D;;23;7;7;5;6;12;8;1;6;1;3;0
08/12/2025;Osasuna;Levante;2;0;H;2;0;H;;14;11;6;5;15;7;3;3;2;2;0;0
12/12/2025;Sociedad;Girona;1;2;A;1;0;H;;9;14;4;3;20;5;4;3;1;2;0;0
13/12/2025;Ath Madrid;Valencia;2;1;H;1;0;H;;10;13;6;2;13;11;5;7;3;1;0;0
13/12/2025;Mallorca;Elche;3;1;H;1;1;D;;15;9;8;0;13;13;1;1;3;0;0;0
13/12/2025;Barcelona;Osasuna;2;0;H;0;0;D;;24;3;7;2;5;8;14;1;0;3;0;0
13/12/2025;Getafe;Espanol;0;1;A;0;0;D;;11;6;1;4;18;17;6;4;5;1;0;0
14/12/2025;Sevilla;Oviedo;4;0;H;2;0;H;;13;5;7;1;11;12;5;3;1;2;0;1
14/12/2025;Celta;Ath Bilbao;2;0;H;0;0;D;;5;14;2;2;11;13;1;4;3;2;0;0
14/12/2025;Alaves;Real Madrid;1;2;A;0;1;A;;6;13;2;6;12;13;5;7;3;1;0;0
15/12/2025;Vallecano;Betis;0;0;D;0;0;D;;23;13;7;6;10;7;8;3;4;1;0;0
19/12/2025;Valencia;Mallorca;1;1;D;0;1;A;;17;4;2;2;10;12;12;3;2;3;0;0
20/12/2025;Oviedo;Celta;0;0;D;0;0;D;;10;6;3;2;14;7;4;3;2;1;0;0
20/12/2025;Levante;Sociedad;1;1;D;0;1;A;;13;18;3;6;16;13;7;10;6;2;0;0
20/12/2025;Osasuna;Alaves;3;0;H;0;0;D;;16;7;7;3;16;11;9;0;2;2;0;0
20/12/2025;Real Madrid;Sevilla;2;0;H;1;0;H;;18;14;8;5;13;19;6;5;2;5;0;1
21/12/2025;Girona;Ath Madrid;0;3;A;0;2;A;;9;14;2;6;7;14;3;4;2;0;0;0
21/12/2025;Villarreal;Barcelona;0;2;A;0;1;A;;14;19;5;5;10;8;5;10;1;1;1;0
21/12/2025;Elche;Vallecano;4;0;H;1;0;H;;18;18;6;8;15;11;4;5;2;3;0;0
21/12/2025;Betis;Getafe;4;0;H;1;0;H;;19;15;8;3;13;12;7;5;0;1;0;0
22/12/2025;Ath Bilbao;Espanol;1;2;A;1;1;D;;17;10;7;5;10;9;8;4;5;2;0;0
02/01/2026;Vallecano;Getafe;1;1;D;1;0;H;;13;12;4;4;13;10;3;2;3;4;0;0
03/01/2026;Celta;Valencia;4;1;H;1;0;H;;12;16;6;5;10;9;2;4;1;3;0;0
03/01/2026;Osasuna;Ath Bilbao;1;1;D;1;0;H;;11;16;4;6;12;19;1;9;3;3;0;0
03/01/2026;Elche;Villarreal;1;3;A;1;2;A;;15;12;2;4;8;11;6;2;3;3;0;0
03/01/2026;Espanol;Barcelona;0;2;A;0;0;D;;14;15;7;6;10;14;5;7;1;0;0;0
04/01/2026;Sevilla;Levante;0;3;A;0;1;A;;15;6;7;4;16;10;5;1;3;4;0;0
04/01/2026;Real Madrid;Betis;5;1;H;1;0;H;;19;13;9;5;10;12;5;8;1;1;0;0
04/01/2026;Alaves;Oviedo;1;1;D;0;0;D;;18;18;7;6;11;20;6;7;3;3;1;1
04/01/2026;Mallorca;Girona;1;2;A;0;1;A;;9;9;2;4;10;14;3;6;2;1;0;0
04/01/2026;Sociedad;Ath Madrid;1;1;D;0;0;D;;18;10;8;2;11;13;6;6;3;2;0;0
09/01/2026;Getafe;Sociedad;1;2;A;0;1;A;;6;12;3;5;17;17;2;4;2;1;0;0
10/01/2026;Oviedo;Betis;1;1;D;0;0;D;;13;15;3;6;15;8;5;2;3;1;0;0
10/01/2026;Villarreal;Alaves;3;1;H;0;0;D;;11;16;4;5;10;14;1;6;0;2;0;0
10/01/2026;Girona;Osasuna;1;0;H;1;0;H;;8;13;4;1;14;13;2;1;2;6;1;0
10/01/2026;Valencia;Elche;1;1;D;0;0;D;;16;5;4;1;14;14;8;6;2;3;0;0
11/01/2026;Vallecano;Mallorca;2;1;H;2;1;H;;14;9;5;2;14;14;6;5;1;5;1;0
11/01/2026;Levante;Espanol;1;1;D;0;0;D;;8;19;2;3;10;9;4;3;0;1;0;0
12/01/2026;Sevilla;Celta;0;1;A;0;0;D;;7;9;2;7;16;16;6;1;3;3;0;0
16/01/2026;Espanol;Girona;0;2;A;0;1;A;;14;7;2;4;17;17;5;4;5;5;0;0
17/01/2026;Real Madrid;Levante;2;0;H;0;0;D;;26;10;11;0;12;14;8;0;2;1;0;0
17/01/2026;Mallorca;Ath Bilbao;3;2;H;2;2;D;;18;21;9;11;10;10;3;7;1;5;0;2
17/01/2026;Osasuna;Oviedo;3;2;H;1;1;D;;16;13;5;5;14;15;3;6;1;4;1;0
17/01/2026;Betis;Villarreal;2;0;H;0;0;D;;15;9;6;3;14;13;2;3;3;2;0;1
18/01/2026;Getafe;Valencia;0;1;A;0;0;D;;14;7;3;1;8;18;9;3;2;3;0;1
18/01/2026;Ath Madrid;Alaves;1;0;H;0;0;D;;23;8;6;0;13;5;6;6;1;1;0;0
18/01/2026;Celta;Vallecano;3;0;H;1;0;H;;11;14;7;3;7;14;5;7;4;3;0;1
18/01/2026;Sociedad;Barcelona;2;1;H;1;0;H;;8;25;6;9;13;8;6;8;3;3;1;0
19/01/2026;Elche;Sevilla;2;2;D;1;0;H;;10;25;5;8;11;12;9;7;3;1;0;0
23/01/2026;Levante;Elche;3;2;H;0;1;A;;26;6;6;3;13;13;9;1;2;3;0;0
24/01/2026;Vallecano;Osasuna;1;3;A;0;1;A;;11;14;4;5;12;15;4;3;2;2;0;0
24/01/2026;Valencia;Espanol;3;2;H;1;0;H;;10;16;5;6;13;10;2;7;1;5;0;0
24/01/2026;Sevilla;Ath Bilbao;2;1;H;1;1;D;;10;15;7;3;16;12;5;5;2;1;0;0
24/01/2026;Villarreal;Real Madrid;0;2;A;0;0;D;;8;14;1;4;19;10;6;6;3;1;0;0
25/01/2026;Ath Madrid;Mallorca;3;0;H;1;0;H;;17;6;8;1;10;7;10;3;2;1;0;0
25/01/2026;Barcelona;Oviedo;3;0;H;0;0;D;;15;12;7;3;8;21;10;1;1;2;0;0
25/01/2026;Sociedad;Celta;3;1;H;1;0;H;;10;17;4;4;7;13;2;9;1;1;1;0
25/01/2026;Alaves;Betis;2;1;H;1;0;H;;17;18;9;4;17;11;6;4;1;1;0;0
26/01/2026;Girona;Getafe;1;1;D;0;0;D;;12;8;4;2;13;15;3;4;5;3;0;0
30/01/2026;Espanol;Alaves;1;2;A;1;1;D;;10;11;3;7;15;15;4;2;0;1;0;0
31/01/2026;Oviedo;Girona;1;0;H;0;0;D;;8;9;4;1;12;16;4;4;1;1;0;0
31/01/2026;Osasuna;Villarreal;2;2;D;2;1;H;;15;5;5;4;15;7;6;2;2;2;0;0
31/01/2026;Levante;Ath Madrid;0;0;D;0;0;D;;10;10;2;4;11;12;4;7;2;1;0;0
31/01/2026;Elche;Barcelona;1;3;A;1;2;A;;9;30;3;8;15;9;2;8;2;1;0;0
01/02/2026;Real Madrid;Vallecano;2;1;H;1;0;H;;16;11;6;4;6;18;9;4;2;8;0;2
01/02/2026;Betis;Valencia;2;1;H;1;1;D;;14;15;2;4;15;13;3;5;0;4;0;0
01/02/2026;Getafe;Celta;0;0;D;0;0;D;;9;5;2;1;16;14;5;3;1;2;0;0
01/02/2026;Ath Bilbao;Sociedad;1;1;D;0;1;A;;19;9;4;6;14;14;6;3;4;2;0;1
02/02/2026;Mallorca;Sevilla;4;1;H;1;1;D;;11;15;7;5;16;8;4;8;1;1;0;0
06/02/2026;Celta;Osasuna;1;2;A;0;1;A;;18;8;4;2;9;14;7;3;2;2;0;0
07/02/2026;Barcelona;Mallorca;3;0;H;1;0;H;;24;9;7;4;7;9;12;3;0;0;0;0
07/02/2026;Sociedad;Elche;3;1;H;2;1;H;;11;11;3;5;14;8;2;4;0;4;0;0
08/02/2026;Alaves;Getafe;0;2;A;0;0;D;;13;17;5;5;20;20;6;3;2;5;0;0
08/02/2026;Ath Bilbao;Levante;4;2;H;2;0;H;;22;6;7;3;17;10;4;3;2;1;0;1
08/02/2026;Sevilla;Girona;1;1;D;0;1;A;;11;15;3;6;16;13;5;7;3;3;0;0
08/02/2026;Ath Madrid;Betis;0;1;A;0;1;A;;10;8;5;4;12;3;7;3;3;1;0;0
08/02/2026;Valencia;Real Madrid;0;2;A;0;0;D;;7;11;0;6;10;13;5;8;1;1;0;0
09/02/2026;Villarreal;Espanol;4;1;H;2;0;H;;10;9;3;2;18;11;5;8;3;3;0;0
13/02/2026;Elche;Osasuna;0;0;D;0;0;D;;17;6;5;2;13;18;10;3;2;4;0;0
14/02/2026;Espanol;Celta;2;2;D;0;1;A;;9;14;3;5;9;11;2;2;1;0;0;0
14/02/2026;Getafe;Villarreal;2;1;H;1;0;H;;5;8;2;2;21;17;3;4;2;3;0;0
14/02/2026;Sevilla;Alaves;1;1;D;1;0;H;;4;12;2;1;16;13;0;3;5;0;2;0
14/02/2026;Real Madrid;Sociedad;4;1;H;3;1;H;;11;13;5;3;10;9;4;6;1;1;0;0
15/02/2026;Oviedo;Ath Bilbao;1;2;A;1;0;H;;7;13;1;4;8;20;2;3;2;3;0;0
15/02/2026;Vallecano;Ath Madrid;3;0;H;2;0;H;;13;9;9;3;10;13;4;8;1;3;0;0
15/02/2026;Levante;Valencia;0;2;A;0;0;D;;9;5;1;2;11;10;3;2;3;2;1;0
15/02/2026;Mallorca;Betis;1;2;A;0;2;A;;14;17;3;8;16;10;7;3;4;3;0;0
16/02/2026;Girona;Barcelona;2;1;H;0;0;D;;13;27;9;4;10;6;3;7;1;2;1;0
18/02/2026;Levante;Villarreal;0;1;A;0;0;D;;16;15;4;6;13;20;3;2;3;4;0;0
20/02/2026;Ath Bilbao;Elche;2;1;H;0;0;D;;18;2;8;2;18;9;4;1;3;3;0;0
21/02/2026;Sociedad;Oviedo;3;3;D;0;0;D;;15;14;8;6;13;16;7;6;2;1;0;0
21/02/2026;Betis;Vallecano;1;1;D;1;1;D;;14;12;3;3;14;13;3;5;4;3;0;0
21/02/2026;Osasuna;Real Madrid;2;1;H;1;0;H;;13;15;2;5;19;10;3;7;2;4;0;0
21/02/2026;Ath Madrid;Espanol;4;2;H;1;1;D;;18;8;9;2;8;10;5;3;0;1;0;0
22/02/2026;Getafe;Sevilla;0;1;A;0;0;D;;6;6;3;1;5;18;2;2;1;1;1;0
22/02/2026;Barcelona;Levante;3;0;H;2;0;H;;22;5;9;2;12;10;13;6;2;1;0;0
22/02/2026;Celta;Mallorca;2;0;H;0;0;D;;20;1;7;0;11;10;7;2;1;5;0;0
22/02/2026;Villarreal;Valencia;2;1;H;2;1;H;;12;8;5;3;7;16;5;4;2;4;0;0
23/02/2026;Alaves;Girona;2;2;D;1;1;D;;17;10;6;5;18;6;7;6;2;2;0;0
27/02/2026;Levante;Alaves;2;0;H;0;0;D;;22;17;5;7;14;16;10;6;1;6;0;1
28/02/2026;Vallecano;Ath Bilbao;1;1;D;1;0;H;;15;8;7;2;8;17;5;4;2;3;0;0
28/02/2026;Barcelona;Villarreal;4;1;H;2;0;H;;19;6;8;1;11;9;3;2;2;1;0;0
28/02/2026;Mallorca;Sociedad;0;1;A;0;1;A;;6;12;1;2;6;22;3;7;0;2;0;0
28/02/2026;Oviedo;Ath Madrid;0;1;A;0;0;D;;16;12;6;1;12;6;8;3;2;2;0;0
01/03/2026;Elche;Espanol;2;2;D;1;1;D;;17;9;9;4;14;23;3;1;1;6;0;1
01/03/2026;Valencia;Osasuna;1;0;H;0;0;D;;14;8;1;0;14;13;5;4;3;3;0;0
01/03/2026;Betis;Sevilla;2;2;D;2;0;H;;9;14;2;6;12;15;4;3;3;3;0;0
01/03/2026;Girona;Celta;1;2;A;1;0;H;;15;7;7;5;9;8;10;6;2;2;0;0
02/03/2026;Real Madrid;Getafe;0;1;A;0;1;A;;18;9;7;3;11;17;10;2;4;6;1;1
04/03/2026;Vallecano;Oviedo;3;0;H;1;0;H;;19;8;7;2;10;10;12;2;0;2;0;0
06/03/2026;Celta;Real Madrid;1;2;A;1;1;D;;8;14;4;3;4;12;1;6;1;2;0;0
07/03/2026;Osasuna;Mallorca;2;2;D;0;1;A;;22;8;5;4;11;12;8;0;2;5;1;1
07/03/2026;Levante;Girona;1;1;D;0;0;D;;14;22;4;5;15;9;2;3;2;2;1;0
07/03/2026;Ath Madrid;Sociedad;3;2;H;1;1;D;;24;7;9;3;6;10;8;1;1;1;0;0
07/03/2026;Ath Bilbao;Barcelona;0;1;A;0;0;D;;10;7;3;2;11;9;2;4;2;1;0;0
08/03/2026;Villarreal;Elche;2;1;H;2;0;H;;16;13;7;6;11;16;4;6;1;2;0;0
08/03/2026;Getafe;Betis;2;0;H;2;0;H;;9;14;5;5;19;8;3;8;3;2;0;0
08/03/2026;Sevilla;Vallecano;1;1;D;1;0;H;;11;9;2;2;13;15;6;2;1;3;0;0
08/03/2026;Valencia;Alaves;3;2;H;0;1;A;;19;10;8;4;9;17;10;2;1;6;0;2
09/03/2026;Espanol;Oviedo;1;1;D;1;1;D;;28;6;9;3;19;13;8;0;3;2;0;0
13/03/2026;Alaves;Villarreal;1;1;D;1;0;H;;8;10;0;4;19;11;5;2;4;1;0;0
14/03/2026;Girona;Ath Bilbao;3;0;H;1;0;H;;14;20;6;9;8;16;2;9;0;2;0;0
14/03/2026;Ath Madrid;Getafe;1;0;H;1;0;H;;16;7;5;3;11;11;10;3;3;3;0;1
14/03/2026;Oviedo;Valencia;1;0;H;1;0;H;;11;13;6;2;12;11;4;7;3;2;0;0
14/03/2026;Real Madrid;Elche;4;1;H;2;0;H;;14;11;6;1;11;21;5;4;1;3;0;0
15/03/2026;Mallorca;Espanol;2;1;H;0;1;A;;26;10;12;2;11;14;5;6;3;3;0;1
15/03/2026;Barcelona;Sevilla;5;2;H;3;1;H;;13;8;8;4;5;14;3;4;0;1;0;0
15/03/2026;Betis;Celta;1;1;D;0;1;A;;19;7;6;3;11;16;3;4;2;3;0;0
15/03/2026;Sociedad;Osasuna;3;1;H;2;0;H;;14;13;6;5;16;11;3;5;3;0;0;0
16/03/2026;Vallecano;Levante;1;1;D;0;1;A;;18;19;4;5;10;13;5;6;3;5;1;0
20/03/2026;Villarreal;Sociedad;3;1;H;3;0;H;;21;11;10;4;10;11;4;5;0;2;0;0
21/03/2026;Elche;Mallorca;2;1;H;0;0;D;;13;11;4;4;12;11;2;2;2;2;0;0
21/03/2026;Espanol;Getafe;1;2;A;0;2;A;;15;10;5;5;14;20;12;9;2;7;0;0
21/03/2026;Levante;Oviedo;4;2;H;2;2;D;;20;10;8;2;17;18;3;1;2;3;0;0
21/03/2026;Osasuna;Girona;1;0;H;0;0;D;;19;5;11;0;18;7;6;2;2;1;0;0
21/03/2026;Sevilla;Valencia;0;2;A;0;2;A;;13;9;2;4;13;6;1;3;2;1;0;0
22/03/2026;Barcelona;Vallecano;1;0;H;1;0;H;;15;8;4;4;12;11;6;9;3;4;0;0
22/03/2026;Celta;Alaves;3;4;A;3;1;H;;12;14;5;6;13;16;4;1;2;2;0;0
22/03/2026;Ath Bilbao;Betis;2;1;H;2;0;H;;11;11;6;3;10;6;6;5;1;1;0;0
22/03/2026;Real Madrid;Ath Madrid;3;2;H;0;1;A;;17;13;10;7;2;15;4;1;1;4;1;0
03/04/2026;Vallecano;Elche;1;0;H;0;0;D;;21;9;5;4;17;9;9;4;0;4;0;1
04/04/2026;Sociedad;Levante;2;0;H;1;0;H;;18;8;5;4;11;15;11;5;2;3;0;0
04/04/2026;Mallorca;Real Madrid;2;1;H;1;0;H;;6;15;2;6;16;13;6;4;3;2;0;0
04/04/2026;Betis;Espanol;0;0;D;0;0;D;;19;8;6;1;12;18;4;3;1;3;0;0
04/04/2026;Ath Madrid;Barcelona;1;2;A;1;1;D;;6;22;2;8;15;11;1;9;6;2;1;0
05/04/2026;Getafe;Ath Bilbao;2;0;H;1;0;H;;10;5;6;0;11;11;4;3;3;1;0;0
05/04/2026;Valencia;Celta;2;3;A;1;0;H;;13;9;4;5;14;21;6;0;1;3;0;0
05/04/2026;Oviedo;Sevilla;1;0;H;1;0;H;;7;9;4;0;11;12;5;9;5;3;0;1
05/04/2026;Alaves;Osasuna;2;2;D;1;1;D;;18;8;6;5;7;17;7;1;2;5;0;0
06/04/2026;Girona;Villarreal;1;0;H;1;0;H;;10;9;2;0;8;9;7;4;2;2;0;0
10/04/2026;Real Madrid;Girona;1;1;D;0;0;D;;22;10;9;2;9;13;10;1;2;1;0;0
11/04/2026;Sociedad;Alaves;3;3;D;2;2;D;;12;12;4;2;11;18;9;5;2;4;1;0
11/04/2026;Elche;Valencia;1;0;H;0;0;D;;8;22;2;8;15;18;5;9;1;1;0;0
11/04/2026;Barcelona;Espanol;4;1;H;2;0;H;;20;10;10;2;10;18;7;5;3;6;0;0
11/04/2026;Sevilla;Ath Madrid;2;1;H;2;1;H;;11;13;2;2;7;12;6;6;4;4;0;0
12/04/2026;Osasuna;Betis;1;1;D;1;1;D;;12;8;4;3;14;12;6;3;3;4;0;0
12/04/2026;Mallorca;Vallecano;3;0;H;2;0;H;;12;17;4;3;13;11;6;7;1;4;0;0
12/04/2026;Celta;Oviedo;0;3;A;0;2;A;;9;8;6;5;9;13;4;1;1;2;0;0
12/04/2026;Ath Bilbao;Villarreal;1;2;A;0;2;A;;18;12;6;6;15;8;15;3;2;3;0;0
13/04/2026;Levante;Getafe;1;0;H;0;0;D;;22;5;4;1;12;24;8;2;2;7;0;1
21/04/2026;Ath Bilbao;Osasuna;1;0;H;1;0;H;;7;8;2;3;12;11;5;4;3;2;1;0
21/04/2026;Mallorca;Valencia;1;1;D;0;0;D;;20;10;8;3;9;12;7;4;0;2;0;0
21/04/2026;Girona;Betis;2;3;A;1;1;D;;9;7;2;3;11;18;3;1;1;3;0;0
21/04/2026;Real Madrid;Alaves;2;1;H;1;0;H;;24;19;8;5;14;12;9;6;1;1;0;0
22/04/2026;Elche;Ath Madrid;3;2;H;2;2;D;;14;6;6;3;11;12;13;3;2;2;0;1
22/04/2026;Sociedad;Getafe;0;1;A;0;1;A;;13;5;4;0;13;22;6;3;4;5;0;0
22/04/2026;Barcelona;Celta;1;0;H;1;0;H;;10;6;3;3;13;10;5;3;1;1;0;0
23/04/2026;Levante;Sevilla;2;0;H;1;0;H;;8;7;3;0;17;16;3;6;3;4;0;0
23/04/2026;Vallecano;Espanol;1;0;H;0;0;D;;17;15;6;4;12;15;6;5;2;4;0;0
23/04/2026;Oviedo;Villarreal;1;1;D;0;1;A;;16;7;4;3;9;11;7;0;1;1;0;0
24/04/2026;Betis;Real Madrid;1;1;D;0;1;A;;19;12;4;8;10;8;7;6;1;2;0;0
25/04/2026;Alaves;Mallorca;2;1;H;0;1;A;;15;4;4;2;15;14;9;4;2;1;0;0
25/04/2026;Getafe;Barcelona;0;2;A;0;1;A;;4;13;0;4;15;8;6;3;2;2;0;0
25/04/2026;Valencia;Girona;2;1;H;0;0;D;;12;7;3;4;22;8;4;4;2;2;0;0
25/04/2026;Ath Madrid;Ath Bilbao;3;2;H;0;1;A;;6;12;4;4;8;12;3;4;0;0;0;0
26/04/2026;Vallecano;Sociedad;3;3;D;1;1;D;;24;13;9;8;14;12;6;4;6;4;1;0
26/04/2026;Oviedo;Elche;1;2;A;0;2;A;;12;4;3;4;21;14;6;1;2;0;0;1
26/04/2026;Osasuna;Sevilla;2;1;H;0;0;D;;15;8;7;2;11;13;4;4;2;2;0;0
26/04/2026;Villarreal;Celta;2;1;H;2;0;H;;13;9;4;3;13;16;7;5;3;6;0;0
27/04/2026;Espanol;Levante;0;0;D;0;0;D;;9;8;3;4;12;15;4;4;3;3;1;0
01/05/2026;Girona;Mallorca;0;1;A;0;1;A;;14;8;4;4;8;25;5;2;4;2;0;0
02/05/2026;Villarreal;Levante;5;1;H;1;0;H;;20;12;8;3;14;7;7;3;3;1;0;0
02/05/2026;Valencia;Ath Madrid;0;2;A;0;0;D;;12;20;0;5;9;12;1;7;1;3;0;0
02/05/2026;Alaves;Ath Bilbao;2;4;A;1;0;H;;7;9;4;4;8;13;4;7;4;4;0;0
02/05/2026;Osasuna;Barcelona;1;2;A;0;0;D;;9;13;4;4;9;10;3;7;2;2;0;0
03/05/2026;Celta;Elche;3;1;H;2;0;H;;6;15;4;4;14;15;4;2;2;1;0;0
03/05/2026;Getafe;Vallecano;0;2;A;0;1;A;;13;10;3;6;7;22;4;1;3;5;0;0
03/05/2026;Betis;Oviedo;3;0;H;2;0;H;;10;17;5;5;9;4;5;4;0;0;0;0
03/05/2026;Espanol;Real Madrid;0;2;A;0;0;D;;17;15;3;5;19;16;5;6;3;4;0;0
04/05/2026;Sevilla;Sociedad;1;0;H;0;0;D;;19;6;5;0;19;11;3;3;3;1;0;0
08/05/2026;Levante;Osasuna;3;2;H;2;2;D;;35;5;12;3;11;13;15;1;2;0;0;1
09/05/2026;Elche;Alaves;1;1;D;0;0;D;;16;12;5;4;15;13;7;3;3;6;0;0
09/05/2026;Sevilla;Espanol;2;1;H;0;0;D;;21;10;6;5;14;17;4;6;5;5;0;0
09/05/2026;Ath Madrid;Celta;0;1;A;0;0;D;;20;3;4;1;11;13;10;0;1;2;0;0
09/05/2026;Sociedad;Betis;2;2;D;0;1;A;;14;14;6;6;12;9;4;3;2;3;0;1
10/05/2026;Mallorca;Villarreal;1;1;D;1;1;D;;18;7;8;2;17;13;5;4;2;0;0;0
10/05/2026;Ath Bilbao;Valencia;0;1;A;0;0;D;;14;7;4;3;9;7;13;5;2;3;0;0
10/05/2026;Oviedo;Getafe;0;0;D;0;0;D;;8;22;4;4;9;16;1;9;2;3;2;0
10/05/2026;Barcelona;Real Madrid;2;0;H;2;0;H;;10;8;7;1;18;9;4;8;2;4;0;0
11/05/2026;Vallecano;Girona;1;1;D;0;0;D;;18;9;5;5;10;9;9;5;1;1;0;0
12/05/2026;Celta;Levante;2;3;A;1;1;D;;11;14;6;6;7;10;4;4;0;2;0;0
12/05/2026;Betis;Elche;2;1;H;1;1;D;;16;8;7;2;16;13;8;1;3;3;0;1
12/05/2026;Osasuna;Ath Madrid;1;2;A;0;1;A;;23;5;5;4;15;12;8;4;6;5;0;1
13/05/2026;Espanol;Ath Bilbao;2;0;H;0;0;D;;12;11;5;4;9;14;8;9;0;0;0;0
13/05/2026;Villarreal;Sevilla;2;3;A;2;2;D;;6;13;4;5;11;9;6;4;2;1;0;0
13/05/2026;Alaves;Barcelona;1;0;H;1;0;H;;9;8;3;0;14;8;6;4;1;2;0;0
13/05/2026;Getafe;Mallorca;3;1;H;2;0;H;;6;9;4;2;17;18;3;3;3;4;0;0
14/05/2026;Valencia;Vallecano;1;1;D;1;1;D;;12;6;3;3;9;20;5;1;1;1;0;0
14/05/2026;Girona;Sociedad;1;1;D;0;1;A;;29;6;4;2;13;19;6;3;2;7;0;0
14/05/2026;Real Madrid;Oviedo;2;0;H;1;0;H;;19;9;7;1;7;14;4;5;0;0;0;0
17/05/2026;Ath Bilbao;Celta;1;1;D;0;1;A;;27;3;9;2;14;11;5;0;2;2;0;0
17/05/2026;Ath Madrid;Girona;1;0;H;1;0;H;;17;25;4;11;7;9;9;8;2;0;0;0
17/05/2026;Elche;Getafe;1;0;H;1;0;H;;10;4;3;0;18;13;4;0;3;1;0;1
17/05/2026;Levante;Mallorca;2;0;H;1;0;H;;15;8;3;3;11;15;4;6;2;0;1;1
17/05/2026;Osasuna;Espanol;1;2;A;0;1;A;;24;7;8;3;10;13;9;2;1;2;0;0
17/05/2026;Oviedo;Alaves;0;1;A;0;1;A;;8;7;0;1;13;18;5;2;3;1;0;0
17/05/2026;Sevilla;Real Madrid;0;1;A;0;1;A;;14;12;6;1;18;12;4;4;4;0;0;0
17/05/2026;Sociedad;Valencia;3;4;A;1;2;A;;8;13;3;6;13;11;3;2;4;0;0;1
17/05/2026;Vallecano;Villarreal;2;0;H;1;0;H;;15;11;7;2;12;10;1;9;2;1;0;0
17/05/2026;Barcelona;Betis;3;1;H;1;0;H;;15;7;9;2;7;8;6;4;1;0;0;0
23/05/2026;Alaves;Vallecano;1;2;A;1;0;H;;19;15;11;7;13;14;10;5;3;3;0;0
23/05/2026;Betis;Levante;2;1;H;1;1;D;;18;15;8;7;11;7;4;8;1;2;0;0
23/05/2026;Celta;Sevilla;1;0;H;0;0;D;;12;9;3;2;11;20;4;3;1;1;0;0
23/05/2026;Espanol;Sociedad;1;1;D;0;1;A;;17;9;8;4;11;17;3;5;1;3;0;0
23/05/2026;Getafe;Osasuna;1;0;H;0;0;D;;6;11;3;5;17;20;2;4;1;2;0;0
23/05/2026;Girona;Elche;1;1;D;0;1;A;;10;3;7;1;20;20;2;1;4;4;0;0
23/05/2026;Mallorca;Oviedo;3;0;H;1;0;H;;23;7;7;0;10;8;5;5;2;1;0;0
23/05/2026;Real Madrid;Ath Bilbao;4;2;H;2;1;H;;13;8;8;2;6;20;2;1;2;0;0;0
23/05/2026;Valencia;Barcelona;3;1;H;0;0;D;;19;11;6;4;11;8;7;8;2;2;0;0
24/05/2026;Villarreal;Ath Madrid;5;1;H;4;1;H;;14;9;8;4;3;12;5;9;0;1;0;0
Date;HomeTeam;AwayTeam;FTHG;FTAG;FTR;HTHG;HTAG;HTR;Referee;HS;AS;HST;AST;HF;AF;HC;AC;HY;AY;HR;AR
22/08/2025;Bayern Munich;RB Leipzig;6;0;H;3;0;H;;19;12;10;1;13;13;5;5;4;1;0;0
23/08/2025;Ein Frankfurt;Werder Bremen;4;1;H;2;0;H;;18;10;5;5;9;9;7;1;1;3;0;0
23/08/2025;Freiburg;Augsburg;1;3;A;0;3;A;;16;14;4;5;14;18;5;5;4;5;0;0
23/08/2025;Heidenheim;Wolfsburg;1;3;A;1;1;D;;7;15;2;5;12;12;2;5;2;3;0;0
23/08/2025;Leverkusen;Hoffenheim;1;2;A;1;1;D;;7;10;2;5;9;17;6;4;0;4;0;0
23/08/2025;Union Berlin;Stuttgart;2;1;H;2;0;H;;8;21;2;6;21;13;5;11;4;4;0;0
23/08/2025;St Pauli;Dortmund;3;3;D;0;1;A;;11;8;7;7;13;12;5;2;2;3;0;1
24/08/2025;Mainz;FC Koln;0;1;A;0;0;D;;19;12;2;2;7;9;8;3;0;2;1;0
24/08/2025;M'gladbach;Hamburg;0;0;D;0;0;D;;17;7;4;2;10;10;7;6;2;1;0;0
29/08/2025;Hamburg;St Pauli;0;2;A;0;1;A;;5;17;2;6;13;19;2;5;3;3;1;0
30/08/2025;Hoffenheim;Ein Frankfurt;1;3;A;0;2;A;;17;9;5;6;14;10;4;5;2;3;0;0
30/08/2025;RB Leipzig;Heidenheim;2;0;H;0;0;D;;19;5;5;3;7;13;4;3;2;5;0;0
30/08/2025;Stuttgart;M'gladbach;1;0;H;0;0;D;;13;15;5;6;5;13;6;10;2;1;0;0
30/08/2025;Werder Bremen;Leverkusen;3;3;D;1;2;A;;12;10;5;4;11;10;3;7;4;3;1;0
30/08/2025;Augsburg;Bayern Munich;2;3;A;0;2;A;;10;20;3;10;14;11;7;5;3;4;0;0
31/08/2025;Wolfsburg;Mainz;1;1;D;1;0;H;;11;17;3;3;15;14;3;10;3;5;1;0
31/08/2025;Dortmund;Union Berlin;3;0;H;1;0;H;;11;12;6;3;14;7;4;6;0;0;0;0
31/08/2025;FC Koln;Freiburg;4;1;H;1;0;H;;18;12;6;2;12;9;3;5;2;1;0;0
12/09/2025;Leverkusen;Ein Frankfurt;3;1;H;2;0;H;;18;13;8;2;10;9;4;8;5;3;2;0
13/09/2025;Freiburg;Stuttgart;3;1;H;0;1;A;;14;7;6;2;8;13;7;1;1;1;1;0
13/09/2025;Heidenheim;Dortmund;0;2;A;0;2;A;;6;17;1;8;5;9;5;4;2;3;1;0
13/09/2025;Mainz;RB Leipzig;0;1;A;0;1;A;;13;19;2;3;12;11;3;5;1;0;0;0
13/09/2025;Union Berlin;Hoffenheim;2;4;A;0;2;A;;20;9;7;8;13;12;9;2;1;1;1;0
13/09/2025;Wolfsburg;FC Koln;3;3;D;1;1;D;;14;14;6;8;15;11;7;4;2;3;0;0
13/09/2025;Bayern Munich;Hamburg;5;0;H;4;0;H;;22;9;12;2;11;14;5;3;2;2;0;0
14/09/2025;St Pauli;Augsburg;2;1;H;1;1;D;;13;10;7;5;10;12;3;1;1;4;0;0
14/09/2025;M'gladbach;Werder Bremen;0;4;A;0;2;A;;19;12;3;7;12;9;9;4;1;0;0;0
19/09/2025;Stuttgart;St Pauli;2;0;H;1;0;H;;17;9;8;2;13;15;8;4;0;2;0;0
20/09/2025;Augsburg;Mainz;1;4;A;0;2;A;;18;12;5;4;13;10;6;6;1;2;0;1
20/09/2025;Hamburg;Heidenheim;2;1;H;1;0;H;;22;20;9;8;15;10;1;12;5;1;0;0
20/09/2025;Hoffenheim;Bayern Munich;1;4;A;0;1;A;;12;18;4;10;17;9;5;5;1;2;0;0
20/09/2025;Werder Bremen;Freiburg;0;3;A;0;1;A;;12;10;5;5;13;7;2;0;5;2;0;0
20/09/2025;RB Leipzig;FC Koln;3;1;H;3;1;H;;18;13;8;2;10;8;9;5;1;1;0;0
21/09/2025;Ein Frankfurt;Union Berlin;3;4;A;1;2;A;;19;11;10;5;10;11;5;1;3;2;0;0
21/09/2025;Leverkusen;M'gladbach;1;1;D;0;0;D;;13;13;9;7;12;15;3;4;5;5;0;0
21/09/2025;Dortmund;Wolfsburg;1;0;H;1;0;H;;12;10;4;1;10;9;9;3;1;0;0;0
26/09/2025;Bayern Munich;Werder Bremen;4;0;H;2;0;H;;26;9;13;3;9;4;7;6;2;0;0;0
27/09/2025;Heidenheim;Augsburg;2;1;H;0;0;D;;11;8;5;2;16;20;3;2;1;6;0;0
27/09/2025;Mainz;Dortmund;0;2;A;0;2;A;;8;10;2;4;12;14;7;5;2;1;1;0
27/09/2025;St Pauli;Leverkusen;1;2;A;1;1;D;;13;5;6;4;13;11;13;1;3;5;0;0
27/09/2025;Wolfsburg;RB Leipzig;0;1;A;0;1;A;;22;20;4;6;7;9;6;11;2;2;0;0
27/09/2025;M'gladbach;Ein Frankfurt;4;6;A;0;5;A;;11;21;8;7;14;8;4;6;1;2;0;0
28/09/2025;Freiburg;Hoffenheim;1;1;D;1;1;D;;6;15;1;4;9;15;6;8;3;1;0;0
28/09/2025;FC Koln;Stuttgart;1;2;A;1;1;D;;14;15;6;5;12;12;8;8;2;2;0;0
28/09/2025;Union Berlin;Hamburg;0;0;D;0;0;D;;11;16;2;6;18;17;5;3;2;2;0;1
03/10/2025;Hoffenheim;FC Koln;0;1;A;0;1;A;;15;10;4;4;15;6;11;6;3;1;0;0
04/10/2025;Augsburg;Wolfsburg;3;1;H;1;0;H;;10;14;5;4;9;7;10;5;2;1;0;0
04/10/2025;Dortmund;RB Leipzig;1;1;D;1;1;D;;15;13;3;3;13;14;7;7;1;3;0;0
04/10/2025;Leverkusen;Union Berlin;2;0;H;1;0;H;;20;10;3;3;11;13;4;4;1;3;0;0
04/10/2025;Werder Bremen;St Pauli;1;0;H;1;0;H;;15;13;5;3;8;9;4;1;3;1;0;0
04/10/2025;Ein Frankfurt;Bayern Munich;0;3;A;0;2;A;;6;12;1;3;11;11;4;3;1;2;0;0
05/10/2025;Stuttgart;Heidenheim;1;0;H;0;0;D;;18;5;6;1;11;12;1;1;1;1;0;0
05/10/2025;Hamburg;Mainz;4;0;H;2;0;H;;15;11;9;4;14;13;1;4;2;3;0;0
05/10/2025;M'gladbach;Freiburg;0;0;D;0;0;D;;9;12;5;1;15;7;4;1;3;1;0;0
17/10/2025;Union Berlin;M'gladbach;3;1;H;2;1;H;;16;8;5;2;21;15;6;6;5;3;0;0
18/10/2025;FC Koln;Augsburg;1;1;D;0;0;D;;9;10;2;4;10;17;5;2;2;2;0;0
18/10/2025;Heidenheim;Werder Bremen;2;2;D;0;0;D;;31;11;11;4;9;11;12;2;1;3;0;0
18/10/2025;Mainz;Leverkusen;3;4;A;1;3;A;;12;20;4;8;20;12;2;3;4;4;0;0
18/10/2025;RB Leipzig;Hamburg;2;1;H;1;0;H;;10;15;4;3;13;12;3;5;3;1;0;0
18/10/2025;Wolfsburg;Stuttgart;0;3;A;0;1;A;;11;15;3;7;12;8;3;8;1;1;0;0
18/10/2025;Bayern Munich;Dortmund;2;1;H;1;0;H;;15;8;7;1;12;17;4;3;1;3;0;0
19/10/2025;Freiburg;Ein Frankfurt;2;2;D;1;2;A;;12;8;5;3;6;15;3;1;2;3;0;0
19/10/2025;St Pauli;Hoffenheim;0;3;A;0;0;D;;10;14;2;5;10;17;9;7;1;3;0;0
24/10/2025;Werder Bremen;Union Berlin;1;0;H;0;0;D;;16;12;3;2;6;13;5;6;4;0;0;0
25/10/2025;Augsburg;RB Leipzig;0;6;A;0;4;A;;15;15;2;8;9;10;2;3;3;1;0;0
25/10/2025;Ein Frankfurt;St Pauli;2;0;H;1;0;H;;10;9;6;1;11;6;1;3;0;1;0;0
25/10/2025;Hamburg;Wolfsburg;0;1;A;0;1;A;;27;6;6;2;8;18;11;1;1;5;0;0
25/10/2025;Hoffenheim;Heidenheim;3;1;H;2;0;H;;14;12;7;3;14;13;7;5;1;1;0;0
25/10/2025;M'gladbach;Bayern Munich;0;3;A;0;0;D;;1;27;0;11;6;9;1;8;0;3;1;0
25/10/2025;Dortmund;FC Koln;1;0;H;0;0;D;;27;5;9;0;10;8;17;2;2;2;0;0
26/10/2025;Leverkusen;Freiburg;2;0;H;1;0;H;;19;10;4;3;9;8;2;3;1;2;0;1
26/10/2025;Stuttgart;Mainz;2;1;H;1;1;D;;19;13;8;2;11;12;7;5;4;3;0;0
31/10/2025;Augsburg;Dortmund;0;1;A;0;1;A;;9;5;1;1;14;16;4;3;4;1;0;0
01/11/2025;Heidenheim;Ein Frankfurt;1;1;D;1;0;H;;9;16;4;3;7;11;2;8;0;2;0;0
01/11/2025;Mainz;Werder Bremen;1;1;D;1;0;H;;10;5;5;3;19;11;2;0;1;3;0;0
01/11/2025;RB Leipzig;Stuttgart;3;1;H;1;0;H;;16;14;9;4;8;10;5;5;1;2;0;0
01/11/2025;St Pauli;M'gladbach;0;4;A;0;2;A;;16;15;4;11;11;8;8;1;4;0;0;0
01/11/2025;Union Berlin;Freiburg;0;0;D;0;0;D;;11;13;2;4;20;13;5;5;6;1;0;0
01/11/2025;Bayern Munich;Leverkusen;3;0;H;3;0;H;;18;7;4;1;11;3;10;4;1;1;0;0
02/11/2025;FC Koln;Hamburg;4;1;H;1;0;H;;23;11;10;5;8;18;2;3;1;6;0;2
02/11/2025;Wolfsburg;Hoffenheim;2;3;A;1;1;D;;12;10;6;4;10;17;2;2;0;2;0;0
07/11/2025;Werder Bremen;Wolfsburg;2;1;H;0;1;A;;20;7;7;4;13;8;13;3;2;0;0;0
08/11/2025;Hamburg;Dortmund;1;1;D;0;0;D;;9;17;3;1;14;8;2;6;1;1;0;0
08/11/2025;Hoffenheim;RB Leipzig;3;1;H;2;1;H;;12;17;4;5;13;5;5;5;3;2;0;0
08/11/2025;Leverkusen;Heidenheim;6;0;H;5;0;H;;25;1;10;0;5;7;11;1;0;1;0;0
08/11/2025;Union Berlin;Bayern Munich;2;2;D;1;1;D;;12;12;4;4;8;8;6;5;2;4;0;0
08/11/2025;M'gladbach;FC Koln;3;1;H;1;0;H;;9;19;4;5;11;13;2;6;2;3;0;0
09/11/2025;Freiburg;St Pauli;2;1;H;1;0;H;;8;7;4;2;8;12;9;3;2;2;0;0
09/11/2025;Stuttgart;Augsburg;3;2;H;2;2;D;;17;17;6;6;13;10;4;4;2;3;0;0
09/11/2025;Ein Frankfurt;Mainz;1;0;H;0;0;D;;14;3;4;0;8;14;4;3;0;5;0;0
21/11/2025;Mainz;Hoffenheim;1;1;D;0;1;A;;17;19;3;5;13;13;7;4;3;2;1;0
22/11/2025;Augsburg;Hamburg;1;0;H;0;0;D;;13;15;6;6;13;10;4;3;2;3;1;0
22/11/2025;Bayern Munich;Freiburg;6;2;H;2;2;D;;22;8;8;2;9;7;3;5;1;0;0;0
22/11/2025;Dortmund;Stuttgart;3;3;D;2;0;H;;14;16;6;6;12;10;2;4;1;1;0;0
22/11/2025;Heidenheim;M'gladbach;0;3;A;0;1;A;;7;16;2;4;13;12;4;5;2;0;0;0
22/11/2025;Wolfsburg;Leverkusen;1;3;A;0;3;A;;21;7;10;3;12;7;9;1;2;1;0;0
22/11/2025;FC Koln;Ein Frankfurt;3;4;A;1;2;A;;11;11;5;7;6;5;3;3;0;0;0;0
23/11/2025;RB Leipzig;Werder Bremen;2;0;H;0;0;D;;22;15;13;6;5;7;13;7;1;2;0;0
23/11/2025;St Pauli;Union Berlin;0;1;A;0;1;A;;12;8;3;3;10;8;8;2;1;1;0;0
28/11/2025;M'gladbach;RB Leipzig;0;0;D;0;0;D;;8;20;1;4;9;9;5;6;0;3;0;0
29/11/2025;Bayern Munich;St Pauli;3;1;H;1;1;D;;19;10;4;1;5;8;10;2;1;1;0;0
29/11/2025;Hoffenheim;Augsburg;3;0;H;3;0;H;;17;14;3;4;17;9;7;2;1;0;0;0
29/11/2025;Union Berlin;Heidenheim;1;2;A;1;0;H;;9;10;2;2;13;10;5;5;3;2;0;0
29/11/2025;Werder Bremen;FC Koln;1;1;D;1;0;H;;17;10;4;2;11;11;4;0;2;4;1;0
29/11/2025;Leverkusen;Dortmund;1;2;A;0;1;A;;14;7;4;4;7;9;10;3;3;4;0;0
30/11/2025;Hamburg;Stuttgart;2;1;H;1;0;H;;9;14;2;3;16;12;4;6;2;4;1;0
30/11/2025;Ein Frankfurt;Wolfsburg;1;1;D;0;0;D;;15;10;3;3;7;9;14;1;1;4;0;0
30/11/2025;Freiburg;Mainz;4;0;H;2;0;H;;23;1;10;1;9;12;6;2;0;2;0;1
05/12/2025;Mainz;M'gladbach;0;1;A;0;0;D;;8;14;2;5;12;4;8;6;2;1;0;0
06/12/2025;Augsburg;Leverkusen;2;0;H;2;0;H;;13;20;6;2;12;6;5;7;4;3;0;0
06/12/2025;FC Koln;St Pauli;1;1;D;0;0;D;;11;5;8;1;6;6;5;4;0;1;0;0
06/12/2025;Heidenheim;Freiburg;2;1;H;0;1;A;;16;16;3;2;11;10;8;6;2;1;0;0
06/12/2025;Stuttgart;Bayern Munich;0;5;A;0;1;A;;13;19;1;11;6;11;3;4;2;4;1;0
06/12/2025;Wolfsburg;Union Berlin;3;1;H;2;0;H;;4;21;3;6;13;10;0;11;4;1;0;0
06/12/2025;RB Leipzig;Ein Frankfurt;6;0;H;2;0;H;;16;8;7;2;9;17;4;0;1;2;0;0
07/12/2025;Hamburg;Werder Bremen;3;2;H;0;1;A;;12;10;6;3;8;13;5;3;1;6;0;0
07/12/2025;Dortmund;Hoffenheim;2;0;H;1;0;H;;8;11;4;3;7;9;7;5;0;2;0;0
12/12/2025;Union Berlin;RB Leipzig;3;1;H;0;0;D;;12;9;6;3;7;8;4;6;2;2;0;0
13/12/2025;Ein Frankfurt;Augsburg;1;0;H;0;0;D;;11;12;4;1;14;10;2;6;2;3;0;0
13/12/2025;Hoffenheim;Hamburg;4;1;H;2;0;H;;10;14;6;5;16;10;3;3;1;3;0;0
13/12/2025;M'gladbach;Wolfsburg;1;3;A;1;3;A;;14;11;4;6;6;8;6;3;0;1;0;0
13/12/2025;St Pauli;Heidenheim;2;1;H;1;0;H;;8;20;5;7;6;15;4;11;2;3;1;0
13/12/2025;Leverkusen;FC Koln;2;0;H;0;0;D;;17;6;6;4;8;6;8;3;2;1;0;0
14/12/2025;Freiburg;Dortmund;1;1;D;0;1;A;;21;9;6;4;11;10;6;0;3;2;0;1
14/12/2025;Bayern Munich;Mainz;2;2;D;1;1;D;;24;5;11;2;7;8;7;0;2;2;0;0
14/12/2025;Werder Bremen;Stuttgart;0;4;A;0;2;A;;9;24;3;12;11;6;0;9;2;0;1;0
19/12/2025;Dortmund;M'gladbach;2;0;H;1;0;H;;10;6;4;1;15;13;6;4;2;1;0;0
20/12/2025;Augsburg;Werder Bremen;0;0;D;0;0;D;;14;9;6;0;10;20;6;11;3;4;0;0
20/12/2025;FC Koln;Union Berlin;0;1;A;0;0;D;;13;11;2;3;9;18;3;6;2;5;1;0
20/12/2025;Hamburg;Ein Frankfurt;1;1;D;1;1;D;;9;9;3;3;8;12;5;5;0;0;0;0
20/12/2025;Stuttgart;Hoffenheim;0;0;D;0;0;D;;10;4;3;1;10;17;4;2;3;2;0;0
20/12/2025;Wolfsburg;Freiburg;3;4;A;1;1;D;;13;15;6;8;16;8;2;6;1;1;0;0
20/12/2025;RB Leipzig;Leverkusen;1;3;A;1;2;A;;19;15;7;8;10;12;2;8;1;2;0;0
21/12/2025;Mainz;St Pauli;0;0;D;0;0;D;;13;5;1;1;5;9;9;5;1;1;0;0
21/12/2025;Heidenheim;Bayern Munich;0;4;A;0;2;A;;8;23;1;11;8;6;0;6;0;0;0;0
09/01/2026;Ein Frankfurt;Dortmund;3;3;D;1;1;D;;12;16;6;6;14;6;2;5;3;3;0;0
10/01/2026;Freiburg;Hamburg;2;1;H;0;0;D;;20;10;7;5;13;11;0;3;3;5;0;1
10/01/2026;Heidenheim;FC Koln;2;2;D;2;1;H;;14;21;6;9;9;7;5;4;2;1;0;0
10/01/2026;Union Berlin;Mainz;2;2;D;0;1;A;;17;9;5;6;9;8;2;1;2;0;0;0
10/01/2026;Leverkusen;Stuttgart;1;4;A;0;4;A;;16;10;4;7;13;11;5;3;4;2;0;0
11/01/2026;M'gladbach;Augsburg;4;0;H;3;0;H;;12;17;7;2;16;9;2;2;0;1;0;0
11/01/2026;Bayern Munich;Wolfsburg;8;1;H;2;1;H;;16;8;10;3;7;6;6;2;0;1;0;0
13/01/2026;Stuttgart;Ein Frankfurt;3;2;H;2;1;H;;20;12;11;5;8;15;10;2;2;2;0;0
13/01/2026;Dortmund;Werder Bremen;3;0;H;1;0;H;;18;6;8;3;14;8;3;3;2;0;0;0
13/01/2026;Mainz;Heidenheim;2;1;H;1;0;H;;13;15;6;4;11;10;4;1;2;2;0;0
14/01/2026;Wolfsburg;St Pauli;2;1;H;1;1;D;;13;9;5;4;10;9;7;4;1;2;0;0
14/01/2026;FC Koln;Bayern Munich;1;3;A;1;1;D;;8;19;3;8;3;4;4;6;0;0;0;0
14/01/2026;Hoffenheim;M'gladbach;5;1;H;4;0;H;;18;7;10;5;16;10;6;2;1;1;0;0
14/01/2026;RB Leipzig;Freiburg;2;0;H;0;0;D;;21;3;7;1;12;16;7;2;0;4;0;0
15/01/2026;Augsburg;Union Berlin;1;1;D;1;0;H;;9;16;5;3;9;18;3;3;1;0;0;1
16/01/2026;Werder Bremen;Ein Frankfurt;3;3;D;1;1;D;;13;8;4;4;8;15;4;1;1;4;0;0
17/01/2026;Dortmund;St Pauli;3;2;H;1;0;H;;10;9;6;5;9;11;5;5;3;1;0;0
17/01/2026;FC Koln;Mainz;2;1;H;0;1;A;;20;11;6;7;6;10;9;5;4;4;0;0
17/01/2026;Hamburg;M'gladbach;0;0;D;0;0;D;;25;6;12;0;16;18;2;5;1;2;0;0
17/01/2026;Hoffenheim;Leverkusen;1;0;H;1;0;H;;19;8;8;2;17;7;3;5;2;1;0;0
17/01/2026;Wolfsburg;Heidenheim;1;1;D;0;1;A;;13;13;4;3;10;12;9;6;4;3;0;0
17/01/2026;RB Leipzig;Bayern Munich;1;5;A;1;0;H;;17;19;4;12;7;6;5;9;1;0;0;0
18/01/2026;Stuttgart;Union Berlin;1;1;D;0;0;D;;13;20;4;3;6;11;3;8;1;1;0;0
18/01/2026;Augsburg;Freiburg;2;2;D;0;0;D;;13;12;5;5;11;14;9;6;3;2;0;0
23/01/2026;St Pauli;Hamburg;0;0;D;0;0;D;;8;5;3;2;15;13;5;4;1;1;0;0
24/01/2026;Bayern Munich;Augsburg;1;2;A;1;0;H;;15;16;6;6;10;5;9;3;1;1;0;0
24/01/2026;Ein Frankfurt;Hoffenheim;1;3;A;1;0;H;;9;10;3;5;8;16;6;6;0;4;0;0
24/01/2026;Heidenheim;RB Leipzig;0;3;A;0;0;D;;7;11;2;8;10;9;4;0;1;0;0;0
24/01/2026;Leverkusen;Werder Bremen;1;0;H;1;0;H;;13;17;4;3;6;9;5;5;2;3;0;0
24/01/2026;Mainz;Wolfsburg;3;1;H;0;1;A;;20;7;9;2;8;11;15;1;3;2;0;0
24/01/2026;Union Berlin;Dortmund;0;3;A;0;1;A;;10;15;3;5;10;16;7;2;0;1;0;0
25/01/2026;M'gladbach;Stuttgart;0;3;A;0;1;A;;12;17;3;8;11;7;1;4;1;1;0;0
25/01/2026;Freiburg;FC Koln;2;1;H;2;1;H;;13;19;5;4;5;9;5;5;1;2;0;0
27/01/2026;St Pauli;RB Leipzig;1;1;D;0;0;D;;7;12;2;5;6;8;4;3;0;1;0;0
27/01/2026;Werder Bremen;Hoffenheim;0;2;A;0;1;A;;26;12;3;3;7;10;6;7;2;2;0;1
30/01/2026;FC Koln;Wolfsburg;1;0;H;1;0;H;;15;14;3;3;8;16;3;4;1;4;0;0
31/01/2026;Augsburg;St Pauli;2;1;H;1;1;D;;12;17;6;5;15;13;5;5;3;1;0;0
31/01/2026;Ein Frankfurt;Leverkusen;1;3;A;0;2;A;;11;11;4;4;11;10;8;3;3;1;1;0
31/01/2026;Hoffenheim;Union Berlin;3;1;H;2;0;H;;9;16;4;3;11;18;3;10;2;2;0;0
31/01/2026;RB Leipzig;Mainz;1;2;A;1;1;D;;15;11;4;4;4;13;5;4;0;4;0;0
31/01/2026;Werder Bremen;M'gladbach;1;1;D;0;0;D;;18;7;6;2;10;14;7;3;0;1;0;0
31/01/2026;Hamburg;Bayern Munich;2;2;D;1;1;D;;14;13;4;7;12;16;3;9;6;4;0;0
01/02/2026;Stuttgart;Freiburg;1;0;H;0;0;D;;18;11;7;2;14;14;6;2;3;1;0;0
01/02/2026;Dortmund;Heidenheim;3;2;H;1;1;D;;19;12;5;3;11;11;12;3;2;2;0;0
06/02/2026;Union Berlin;Ein Frankfurt;1;1;D;0;0;D;;11;3;3;1;9;11;5;2;4;3;0;1
07/02/2026;Freiburg;Werder Bremen;1;0;H;1;0;H;;7;17;2;5;9;12;4;8;0;1;1;0
07/02/2026;Heidenheim;Hamburg;0;2;A;0;1;A;;20;14;4;5;6;11;10;8;0;2;0;0
07/02/2026;Mainz;Augsburg;2;0;H;1;0;H;;10;14;6;6;12;10;6;4;2;2;0;0
07/02/2026;St Pauli;Stuttgart;2;1;H;1;0;H;;15;7;7;3;9;10;5;5;0;2;0;0
07/02/2026;Wolfsburg;Dortmund;1;2;A;0;1;A;;12;21;2;4;13;10;4;8;1;1;0;0
07/02/2026;M'gladbach;Leverkusen;1;1;D;1;1;D;;9;10;6;2;7;11;2;2;2;3;0;0
08/02/2026;FC Koln;RB Leipzig;1;2;A;0;1;A;;10;19;3;4;7;13;4;3;1;4;0;0
08/02/2026;Bayern Munich;Hoffenheim;5;1;H;3;1;H;;27;9;14;4;11;9;8;3;2;2;0;1
13/02/2026;Dortmund;Mainz;4;0;H;3;0;H;;14;10;8;5;10;5;7;2;3;2;0;0
14/02/2026;Ein Frankfurt;M'gladbach;3;0;H;2;0;H;;12;20;9;3;11;11;2;8;3;2;0;0
14/02/2026;Hamburg;Union Berlin;3;2;H;2;1;H;;13;12;4;5;12;7;6;3;3;0;0;0
14/02/2026;Hoffenheim;Freiburg;3;0;H;0;0;D;;25;13;7;3;8;6;6;6;3;1;0;0
14/02/2026;Leverkusen;St Pauli;4;0;H;2;0;H;;12;11;7;1;7;11;8;3;0;1;0;0
14/02/2026;Werder Bremen;Bayern Munich;0;3;A;0;2;A;;14;11;3;8;10;6;2;4;3;1;0;0
14/02/2026;Stuttgart;FC Koln;3;1;H;1;0;H;;13;10;4;3;10;10;2;5;4;1;0;0
15/02/2026;Augsburg;Heidenheim;1;0;H;0;0;D;;12;16;4;2;9;9;4;5;1;2;0;0
15/02/2026;RB Leipzig;Wolfsburg;2;2;D;0;0;D;;20;10;10;3;6;10;6;2;1;2;0;0
20/02/2026;Mainz;Hamburg;1;1;D;1;0;H;;17;14;3;5;16;13;7;2;3;2;0;0
21/02/2026;Bayern Munich;Ein Frankfurt;3;2;H;2;0;H;;24;9;11;3;9;10;8;2;0;3;0;0
21/02/2026;FC Koln;Hoffenheim;2;2;D;1;1;D;;9;18;4;6;6;12;3;10;1;3;0;0
21/02/2026;Union Berlin;Leverkusen;1;0;H;1;0;H;;8;16;4;1;15;7;4;5;5;2;0;0
21/02/2026;Wolfsburg;Augsburg;2;3;A;1;0;H;;10;15;4;6;10;16;4;10;3;4;0;0
21/02/2026;RB Leipzig;Dortmund;2;2;D;2;0;H;;13;11;3;5;11;17;6;2;3;4;0;0
22/02/2026;Freiburg;M'gladbach;2;1;H;1;0;H;;10;12;6;2;9;8;3;3;1;2;0;0
22/02/2026;St Pauli;Werder Bremen;2;1;H;0;0;D;;5;13;4;4;6;10;1;5;2;6;0;0
22/02/2026;Heidenheim;Stuttgart;3;3;D;2;2;D;;10;12;6;8;13;7;3;4;1;2;0;0
27/02/2026;Augsburg;FC Koln;2;0;H;0;0;D;;14;10;4;3;15;4;6;9;4;1;0;0
28/02/2026;Hoffenheim;St Pauli;0;1;A;0;1;A;;20;11;11;3;13;7;10;3;1;2;0;0
28/02/2026;Leverkusen;Mainz;1;1;D;0;0;D;;12;8;5;4;9;13;6;2;1;2;0;0
28/02/2026;M'gladbach;Union Berlin;1;0;H;0;0;D;;21;6;7;2;5;18;6;2;4;5;0;0
28/02/2026;Werder Bremen;Heidenheim;2;0;H;0;0;D;;17;9;6;0;14;9;3;2;1;0;0;0
28/02/2026;Dortmund;Bayern Munich;2;3;A;1;0;H;;10;14;2;6;15;10;5;2;1;0;0;0
01/03/2026;Stuttgart;Wolfsburg;4;0;H;3;0;H;;24;10;11;3;5;17;7;3;1;0;0;0
01/03/2026;Ein Frankfurt;Freiburg;2;0;H;0;0;D;;15;4;7;2;9;11;5;6;1;2;0;0
01/03/2026;Hamburg;RB Leipzig;1;2;A;1;1;D;;7;13;3;5;8;12;4;9;3;2;0;0
04/03/2026;Hamburg;Leverkusen;0;1;A;0;0;D;;10;14;3;4;12;11;2;7;0;2;0;0
06/03/2026;Bayern Munich;M'gladbach;4;1;H;2;0;H;;18;10;9;5;7;12;7;1;1;0;0;1
07/03/2026;Freiburg;Leverkusen;3;3;D;2;2;D;;21;17;9;5;7;8;5;2;3;3;0;0
07/03/2026;Heidenheim;Hoffenheim;2;4;A;0;2;A;;8;16;2;7;7;15;4;3;0;0;0;0
07/03/2026;Mainz;Stuttgart;2;2;D;1;0;H;;18;11;6;4;7;12;5;6;0;2;0;0
07/03/2026;RB Leipzig;Augsburg;2;1;H;0;1;A;;17;16;8;5;8;9;6;8;0;2;0;0
07/03/2026;Wolfsburg;Hamburg;1;2;A;1;1;D;;14;10;4;7;18;6;7;3;3;3;1;0
07/03/2026;FC Koln;Dortmund;1;2;A;0;1;A;;14;13;4;5;9;13;9;4;1;1;1;0
08/03/2026;St Pauli;Ein Frankfurt;0;0;D;0;0;D;;11;8;2;2;13;8;6;5;2;1;0;0
08/03/2026;Union Berlin;Werder Bremen;1;4;A;1;2;A;;9;15;2;5;5;13;1;3;1;3;1;0
13/03/2026;M'gladbach;St Pauli;2;0;H;1;0;H;;10;8;4;1;9;7;2;2;1;2;0;0
14/03/2026;Dortmund;Augsburg;2;0;H;1;0;H;;16;7;5;3;7;7;12;2;0;0;0;0
14/03/2026;Ein Frankfurt;Heidenheim;1;0;H;0;0;D;;12;3;4;1;5;9;5;4;3;2;1;0
14/03/2026;Hoffenheim;Wolfsburg;1;1;D;0;0;D;;21;4;6;2;10;10;16;4;0;3;0;0
14/03/2026;Leverkusen;Bayern Munich;1;1;D;1;0;H;;21;11;7;5;12;13;4;1;3;4;0;2
14/03/2026;Hamburg;FC Koln;1;1;D;1;1;D;;5;10;1;2;11;12;1;8;2;4;0;0
15/03/2026;Werder Bremen;Mainz;0;2;A;0;1;A;;16;11;3;2;7;7;9;4;2;1;0;0
15/03/2026;Freiburg;Union Berlin;0;1;A;0;0;D;;19;9;6;4;6;19;6;2;0;2;0;0
15/03/2026;Stuttgart;RB Leipzig;1;0;H;0;0;D;;13;9;4;4;5;16;5;6;1;2;0;0
20/03/2026;RB Leipzig;Hoffenheim;5;0;H;4;0;H;;14;8;9;2;8;16;1;3;1;1;0;0
21/03/2026;Bayern Munich;Union Berlin;4;0;H;2;0;H;;31;5;9;1;5;8;12;1;1;2;0;0
21/03/2026;FC Koln;M'gladbach;3;3;D;2;2;D;;12;9;5;3;8;14;5;3;8;2;1;0
21/03/2026;Heidenheim;Leverkusen;3;3;D;0;2;A;;9;14;5;5;11;12;2;5;4;4;0;0
21/03/2026;Wolfsburg;Werder Bremen;0;1;A;0;0;D;;11;8;4;3;16;6;8;4;3;0;1;0
21/03/2026;Dortmund;Hamburg;3;2;H;0;2;A;;24;4;8;4;10;8;11;3;2;3;0;0
22/03/2026;Mainz;Ein Frankfurt;2;1;H;1;1;D;;8;12;5;4;12;5;5;3;2;1;0;0
22/03/2026;St Pauli;Freiburg;1;2;A;1;0;H;;12;15;5;6;9;6;3;2;1;1;0;0
22/03/2026;Augsburg;Stuttgart;2;5;A;0;3;A;;13;13;7;8;11;14;2;5;1;3;0;0
04/04/2026;Freiburg;Bayern Munich;2;3;A;0;0;D;;13;21;4;9;9;13;5;8;3;3;0;0
04/04/2026;Hamburg;Augsburg;1;1;D;0;1;A;;18;18;4;3;12;12;9;2;2;3;1;0
04/04/2026;Hoffenheim;Mainz;1;2;A;1;1;D;;16;9;5;5;11;5;7;3;4;1;0;0
04/04/2026;Leverkusen;Wolfsburg;6;3;H;2;3;A;;25;11;11;5;8;11;12;2;1;3;0;0
04/04/2026;M'gladbach;Heidenheim;2;2;D;1;1;D;;15;15;7;7;12;11;2;3;4;0;0;0
04/04/2026;Werder Bremen;RB Leipzig;1;2;A;0;1;A;;13;7;5;2;13;14;1;0;2;1;0;0
04/04/2026;Stuttgart;Dortmund;0;2;A;0;0;D;;13;5;3;3;10;12;5;2;2;4;0;0
05/04/2026;Union Berlin;St Pauli;1;1;D;0;1;A;;16;9;8;2;10;8;7;2;0;2;0;1
05/04/2026;Ein Frankfurt;FC Koln;2;2;D;0;0;D;;20;14;7;9;10;7;8;0;1;2;0;0
10/04/2026;Augsburg;Hoffenheim;2;2;D;2;2;D;;17;13;8;4;6;18;4;4;5;3;0;0
11/04/2026;Dortmund;Leverkusen;0;1;A;0;1;A;;14;11;1;4;5;6;5;5;3;0;0;0
11/04/2026;Heidenheim;Union Berlin;3;1;H;2;0;H;;7;10;3;3;7;13;3;5;0;2;0;0
11/04/2026;RB Leipzig;M'gladbach;1;0;H;0;0;D;;24;15;11;3;9;6;11;4;4;1;0;0
11/04/2026;Wolfsburg;Ein Frankfurt;1;2;A;0;2;A;;22;10;7;4;9;8;7;7;2;1;0;0
11/04/2026;St Pauli;Bayern Munich;0;5;A;0;1;A;;6;20;3;8;9;7;3;4;1;2;0;0
12/04/2026;FC Koln;Werder Bremen;3;1;H;1;0;H;;25;6;8;2;16;7;8;5;3;2;0;1
12/04/2026;Stuttgart;Hamburg;4;0;H;2;0;H;;23;9;11;5;10;14;8;2;2;1;0;0
12/04/2026;Mainz;Freiburg;0;1;A;0;0;D;;10;8;3;3;10;13;6;4;1;3;0;0
17/04/2026;St Pauli;FC Koln;1;1;D;0;0;D;;14;10;6;1;6;2;8;5;4;1;0;0
18/04/2026;Hoffenheim;Dortmund;2;1;H;1;0;H;;13;8;4;3;14;11;4;3;2;3;0;0
18/04/2026;Leverkusen;Augsburg;1;2;A;1;1;D;;35;11;10;5;5;8;11;4;2;1;0;0
18/04/2026;Union Berlin;Wolfsburg;1;2;A;0;1;A;;25;5;7;4;13;15;11;4;1;1;0;0
18/04/2026;Werder Bremen;Hamburg;3;1;H;1;1;D;;18;11;10;3;14;14;7;3;4;3;0;1
18/04/2026;Ein Frankfurt;RB Leipzig;1;3;A;1;1;D;;16;19;5;8;7;7;4;6;0;1;0;0
19/04/2026;Freiburg;Heidenheim;2;1;H;1;0;H;;17;13;4;2;10;9;5;4;1;0;0;0
19/04/2026;Bayern Munich;Stuttgart;4;2;H;3;1;H;;28;11;9;7;6;3;11;3;0;0;0;0
19/04/2026;M'gladbach;Mainz;1;1;D;1;0;H;;9;17;4;7;12;8;0;6;5;2;0;0
24/04/2026;RB Leipzig;Union Berlin;3;1;H;2;0;H;;20;5;10;1;6;10;10;4;1;1;0;0
25/04/2026;Augsburg;Ein Frankfurt;1;1;D;1;0;H;;17;19;3;7;11;13;9;7;1;2;0;0
25/04/2026;FC Koln;Leverkusen;1;2;A;0;1;A;;25;8;10;3;11;5;2;5;1;2;0;0
25/04/2026;Heidenheim;St Pauli;2;0;H;1;0;H;;12;11;5;2;7;6;6;6;0;1;0;0
25/04/2026;Mainz;Bayern Munich;3;4;A;3;0;H;;21;11;8;6;14;10;4;4;1;2;0;0
25/04/2026;Wolfsburg;M'gladbach;0;0;D;0;0;D;;12;10;4;2;11;5;8;5;1;3;0;1
25/04/2026;Hamburg;Hoffenheim;1;2;A;1;2;A;;12;15;4;6;11;18;4;9;2;4;0;0
26/04/2026;Stuttgart;Werder Bremen;1;1;D;0;1;A;;20;9;4;3;8;10;14;2;0;1;0;0
26/04/2026;Dortmund;Freiburg;4;0;H;3;0;H;;17;7;5;4;19;10;5;0;1;0;0;0
02/05/2026;Bayern Munich;Heidenheim;3;3;D;1;2;A;;23;12;7;5;6;7;13;5;3;2;0;0
02/05/2026;Ein Frankfurt;Hamburg;1;2;A;0;0;D;;8;9;5;4;13;5;9;4;6;1;1;0
02/05/2026;Hoffenheim;Stuttgart;3;3;D;2;1;H;;22;14;9;5;18;9;4;5;3;1;0;1
02/05/2026;Union Berlin;FC Koln;2;2;D;0;1;A;;13;8;3;4;7;10;2;5;2;3;0;0
02/05/2026;Werder Bremen;Augsburg;1;3;A;0;2;A;;15;14;4;7;11;4;8;2;1;1;0;0
02/05/2026;Leverkusen;RB Leipzig;4;1;H;2;0;H;;23;14;8;5;7;12;7;3;1;3;0;0
03/05/2026;St Pauli;Mainz;1;2;A;0;2;A;;10;17;3;6;10;8;7;7;3;1;0;0
03/05/2026;M'gladbach;Dortmund;1;0;H;0;0;D;;12;6;4;1;14;17;1;1;3;1;0;0
03/05/2026;Freiburg;Wolfsburg;1;1;D;0;0;D;;11;13;3;4;5;11;1;7;1;1;0;0
08/05/2026;Dortmund;Ein Frankfurt;3;2;H;2;1;H;;13;9;8;4;14;8;6;2;3;0;0;0
09/05/2026;Augsburg;M'gladbach;3;1;H;2;0;H;;15;16;10;4;11;9;2;2;2;2;0;0
09/05/2026;Hoffenheim;Werder Bremen;1;0;H;1;0;H;;15;11;4;2;4;3;8;3;1;2;0;1
09/05/2026;RB Leipzig;St Pauli;2;1;H;1;0;H;;13;7;5;3;5;9;3;5;2;0;0;0
09/05/2026;Stuttgart;Leverkusen;3;1;H;2;1;H;;20;6;9;5;13;8;7;6;2;1;0;0
09/05/2026;Wolfsburg;Bayern Munich;0;1;A;0;0;D;;17;16;5;9;8;5;6;3;1;0;0;0
10/05/2026;Hamburg;Freiburg;3;2;H;1;1;D;;14;5;5;3;15;8;2;4;2;2;0;0
10/05/2026;FC Koln;Heidenheim;1;3;A;1;2;A;;18;11;7;5;9;8;6;4;2;2;0;0
10/05/2026;Mainz;Union Berlin;1;3;A;0;1;A;;14;16;3;9;11;10;7;8;2;1;0;0
16/05/2026;Bayern Munich;FC Koln;5;1;H;3;1;H;;19;9;7;2;6;4;5;5;1;1;0;0
16/05/2026;Ein Frankfurt;Stuttgart;2;2;D;0;2;A;;16;13;7;7;14;12;6;6;2;3;0;0
16/05/2026;Freiburg;RB Leipzig;4;1;H;2;1;H;;11;14;5;6;13;7;1;2;0;1;0;0
16/05/2026;Heidenheim;Mainz;0;2;A;0;2;A;;15;15;5;9;8;12;6;3;1;1;0;0
16/05/2026;Leverkusen;Hamburg;1;1;D;0;0;D;;26;19;9;6;8;11;8;3;1;2;0;0
16/05/2026;M'gladbach;Hoffenheim;4;0;H;2;0;H;;9;11;6;3;11;15;2;9;4;6;0;1
16/05/2026;St Pauli;Wolfsburg;1;3;A;0;1;A;;11;19;2;10;6;9;8;9;2;3;0;0
16/05/2026;Union Berlin;Augsburg;4;0;H;2;0;H;;17;11;9;1;6;7;4;9;3;1;0;0
16/05/2026;Werder Bremen;Dortmund;0;2;A;0;0;D;;9;17;3;9;8;5;4;5;0;0;0;0
Date;HomeTeam;AwayTeam;FTHG;FTAG;FTR;HTHG;HTAG;HTR;Referee;HS;AS;HST;AST;HF;AF;HC;AC;HY;AY;HR;AR
23/08/2025;Genoa;Lecce;0;0;D;0;0;D;;5;7;2;0;16;13;3;7;2;3;0;0
23/08/2025;Sassuolo;Napoli;0;2;A;0;1;A;;7;13;2;4;17;17;1;2;3;1;1;0
23/08/2025;Milan;Cremonese;1;2;A;1;1;D;;24;4;6;3;10;14;9;2;1;4;0;0
23/08/2025;Roma;Bologna;1;0;H;0;0;D;;14;10;4;2;15;13;2;4;1;1;0;0
24/08/2025;Cagliari;Fiorentina;1;1;D;0;0;D;;14;4;6;1;18;14;3;2;4;2;0;0
24/08/2025;Como;Lazio;2;0;H;0;0;D;;19;5;6;1;15;12;6;0;2;3;0;0
24/08/2025;Atalanta;Pisa;1;1;D;0;1;A;;21;11;6;2;9;10;10;4;2;0;0;0
24/08/2025;Juventus;Parma;2;0;H;0;0;D;;25;8;8;2;9;13;6;6;1;2;1;0
25/08/2025;Udinese;Verona;1;1;D;0;0;D;;14;9;4;3;14;14;5;1;3;2;0;0
25/08/2025;Inter;Torino;5;0;H;2;0;H;;20;12;9;4;14;6;6;5;0;0;0;0
29/08/2025;Cremonese;Sassuolo;3;2;H;2;0;H;;11;9;6;6;12;17;5;4;2;2;0;0
29/08/2025;Lecce;Milan;0;2;A;0;0;D;;7;14;2;6;10;8;4;5;1;0;0;0
30/08/2025;Bologna;Como;1;0;H;0;0;D;;15;13;2;2;13;19;7;4;4;3;0;0
30/08/2025;Parma;Atalanta;1;1;D;0;0;D;;7;11;3;3;8;15;1;2;2;2;0;0
30/08/2025;Napoli;Cagliari;1;0;H;0;0;D;;20;10;6;1;16;12;13;0;2;1;0;0
30/08/2025;Pisa;Roma;0;1;A;0;0;D;;7;10;3;5;14;10;1;7;2;1;0;0
31/08/2025;Genoa;Juventus;0;1;A;0;0;D;;10;13;1;3;14;15;3;4;1;2;0;0
31/08/2025;Torino;Fiorentina;0;0;D;0;0;D;;7;16;4;4;21;13;7;3;2;2;0;0
31/08/2025;Inter;Udinese;1;2;A;1;2;A;;16;10;4;5;17;5;13;2;1;3;0;0
31/08/2025;Lazio;Verona;4;0;H;3;0;H;;22;12;6;4;8;19;8;1;0;0;0;0
13/09/2025;Cagliari;Parma;2;0;H;1;0;H;;12;17;5;5;15;18;4;5;3;1;0;0
13/09/2025;Juventus;Inter;4;3;H;2;1;H;;12;18;4;4;14;10;5;9;2;1;0;0
13/09/2025;Fiorentina;Napoli;1;3;A;0;2;A;;19;14;3;9;14;14;8;5;0;0;0;0
14/09/2025;Roma;Torino;0;1;A;0;0;D;;22;8;5;4;11;17;7;4;2;3;0;0
14/09/2025;Atalanta;Lecce;4;1;H;1;0;H;;19;12;8;3;12;7;8;2;0;0;0;0
14/09/2025;Pisa;Udinese;0;1;A;0;1;A;;12;13;2;3;13;15;8;6;1;2;0;0
14/09/2025;Sassuolo;Lazio;1;0;H;0;0;D;;10;13;3;3;15;11;3;7;6;3;0;0
14/09/2025;Milan;Bologna;1;0;H;0;0;D;;14;5;3;0;17;16;7;4;3;2;0;0
15/09/2025;Verona;Cremonese;0;0;D;0;0;D;;20;6;9;2;18;3;10;1;2;1;0;0
15/09/2025;Como;Genoa;1;1;D;1;0;H;;13;13;4;6;13;17;0;8;2;2;1;0
19/09/2025;Lecce;Cagliari;1;2;A;1;1;D;;11;15;5;6;10;19;4;7;2;3;0;0
20/09/2025;Bologna;Genoa;2;1;H;0;0;D;;14;7;6;4;12;15;8;2;1;5;0;0
20/09/2025;Verona;Juventus;1;1;D;1;1;D;;14;10;4;4;18;10;5;3;3;3;0;0
20/09/2025;Udinese;Milan;0;3;A;0;1;A;;10;13;4;6;9;7;1;4;2;0;0;0
21/09/2025;Lazio;Roma;0;1;A;0;1;A;;10;13;2;6;14;22;3;6;1;1;2;0
21/09/2025;Cremonese;Parma;0;0;D;0;0;D;;3;15;1;3;16;8;3;3;1;0;0;0
21/09/2025;Torino;Atalanta;0;3;A;0;3;A;;11;9;5;5;11;9;1;0;0;0;0;0
21/09/2025;Fiorentina;Como;1;2;A;1;0;H;;8;19;1;7;16;19;2;6;4;3;0;0
21/09/2025;Inter;Sassuolo;2;1;H;1;0;H;;20;9;6;5;15;8;7;3;2;1;0;0
22/09/2025;Napoli;Pisa;3;2;H;1;0;H;;18;15;6;6;10;18;5;3;1;2;0;0
27/09/2025;Como;Cremonese;1;1;D;1;0;H;;14;9;6;2;16;17;4;3;3;4;1;0
27/09/2025;Juventus;Atalanta;1;1;D;0;1;A;;24;12;10;2;6;7;14;5;0;3;0;1
27/09/2025;Cagliari;Inter;0;2;A;0;1;A;;6;20;0;5;13;14;4;4;0;2;0;0
28/09/2025;Sassuolo;Udinese;3;1;H;2;0;H;;11;12;5;5;5;22;1;5;0;3;0;0
28/09/2025;Pisa;Fiorentina;0;0;D;0;0;D;;11;14;1;2;15;15;4;6;0;1;0;0
28/09/2025;Roma;Verona;2;0;H;1;0;H;;10;12;5;3;11;19;8;1;0;4;0;0
28/09/2025;Lecce;Bologna;2;2;D;1;1;D;;12;14;4;5;13;13;3;9;4;2;0;0
28/09/2025;Milan;Napoli;2;1;H;2;0;H;;6;19;3;7;7;7;1;7;1;0;1;0
29/09/2025;Parma;Torino;2;1;H;1;0;H;;13;15;2;4;10;12;4;3;3;3;0;0
29/09/2025;Genoa;Lazio;0;3;A;0;2;A;;17;10;5;6;18;16;6;0;5;1;0;0
03/10/2025;Verona;Sassuolo;0;1;A;0;0;D;;17;11;9;3;14;12;4;2;2;2;0;0
04/10/2025;Lazio;Torino;3;3;D;2;1;H;;9;16;4;8;13;22;3;5;3;3;0;0
04/10/2025;Parma;Lecce;0;1;A;0;1;A;;10;7;2;3;16;16;4;9;1;2;0;0
04/10/2025;Inter;Cremonese;4;1;H;2;0;H;;27;3;9;2;9;8;13;1;1;1;0;0
04/10/2025;Atalanta;Como;1;1;D;1;1;D;;16;12;4;4;10;19;8;3;1;3;0;0
05/10/2025;Udinese;Cagliari;1;1;D;0;1;A;;23;8;4;2;14;16;7;2;1;2;0;0
05/10/2025;Bologna;Pisa;4;0;H;3;0;H;;24;2;7;0;16;12;2;2;0;1;0;1
05/10/2025;Fiorentina;Roma;1;2;A;1;2;A;;11;8;3;3;19;21;3;4;2;3;0;0
05/10/2025;Napoli;Genoa;2;1;H;0;1;A;;12;6;5;1;16;15;7;5;1;3;0;0
05/10/2025;Juventus;Milan;0;0;D;0;0;D;;12;13;3;4;15;8;6;0;2;2;0;0
18/10/2025;Lecce;Sassuolo;0;0;D;0;0;D;;11;9;2;2;16;14;6;4;2;2;0;0
18/10/2025;Pisa;Verona;0;0;D;0;0;D;;7;15;0;3;8;14;3;8;4;2;0;0
18/10/2025;Torino;Napoli;1;0;H;1;0;H;;12;22;2;5;9;9;3;11;1;2;0;0
18/10/2025;Roma;Inter;0;1;A;0;1;A;;15;12;5;3;18;29;4;5;4;3;0;0
19/10/2025;Como;Juventus;2;0;H;1;0;H;;12;15;6;3;17;15;4;1;3;1;0;0
19/10/2025;Cagliari;Bologna;0;2;A;0;1;A;;4;10;3;7;15;22;2;7;1;3;0;0
19/10/2025;Genoa;Parma;0;0;D;0;0;D;;23;1;7;0;15;13;3;0;2;5;0;1
19/10/2025;Atalanta;Lazio;0;0;D;0;0;D;;16;4;6;1;10;5;7;1;4;0;0;0
19/10/2025;Milan;Fiorentina;2;1;H;0;0;D;;14;5;4;1;14;12;1;3;3;3;0;0
20/10/2025;Cremonese;Udinese;1;1;D;1;0;H;;11;8;4;1;15;14;5;4;4;2;0;0
24/10/2025;Milan;Pisa;2;2;D;1;0;H;;20;8;7;2;8;21;6;2;1;3;0;0
25/10/2025;Parma;Como;0;0;D;0;0;D;;10;6;3;2;7;14;3;3;0;1;0;0
25/10/2025;Udinese;Lecce;3;2;H;2;0;H;;8;13;4;3;12;12;4;9;2;2;0;0
25/10/2025;Napoli;Inter;3;1;H;1;0;H;;7;15;3;3;15;10;1;4;2;1;0;0
25/10/2025;Cremonese;Atalanta;1;1;D;0;0;D;;9;20;5;6;6;8;2;10;3;1;0;0
26/10/2025;Torino;Genoa;2;1;H;0;1;A;;13;11;6;3;14;9;9;1;2;2;0;0
26/10/2025;Sassuolo;Roma;0;1;A;0;1;A;;11;15;1;8;18;16;6;6;3;2;0;0
26/10/2025;Verona;Cagliari;2;2;D;1;0;H;;10;7;6;3;16;12;3;2;3;4;0;0
26/10/2025;Fiorentina;Bologna;2;2;D;0;1;A;;19;6;7;3;13;20;5;6;3;5;0;1
26/10/2025;Lazio;Juventus;1;0;H;1;0;H;;13;14;3;5;11;18;2;5;2;4;0;0
28/10/2025;Lecce;Napoli;0;1;A;0;0;D;;7;14;2;3;10;14;3;5;2;1;0;0
28/10/2025;Atalanta;Milan;1;1;D;1;1;D;;17;6;3;1;9;8;9;4;1;3;0;0
29/10/2025;Como;Verona;3;1;H;1;1;D;;15;13;5;9;11;21;1;3;1;4;0;0
29/10/2025;Juventus;Udinese;3;1;H;1;1;D;;25;8;11;2;12;13;8;4;1;4;0;0
29/10/2025;Roma;Parma;2;1;H;0;0;D;;18;8;6;5;8;9;9;2;0;3;0;0
29/10/2025;Bologna;Torino;0;0;D;0;0;D;;11;8;2;2;11;20;3;3;2;3;0;0
29/10/2025;Genoa;Cremonese;0;2;A;0;1;A;;16;12;1;4;16;13;7;3;3;1;0;0
29/10/2025;Inter;Fiorentina;3;0;H;0;0;D;;22;10;8;2;11;16;8;5;1;2;0;1
30/10/2025;Cagliari;Sassuolo;1;2;A;0;0;D;;8;12;1;4;20;21;6;7;4;4;0;0
30/10/2025;Pisa;Lazio;0;0;D;0;0;D;;10;11;2;6;16;12;3;1;2;2;0;0
01/11/2025;Udinese;Atalanta;1;0;H;1;0;H;;11;5;5;0;14;11;5;4;1;3;0;0
01/11/2025;Napoli;Como;0;0;D;0;0;D;;13;13;8;2;15;16;4;2;3;2;0;0
01/11/2025;Cremonese;Juventus;1;2;A;0;1;A;;9;15;2;5;10;14;2;3;1;0;0;0
02/11/2025;Verona;Inter;1;2;A;1;1;D;;8;21;2;6;15;4;4;8;2;1;0;0
02/11/2025;Fiorentina;Lecce;0;1;A;0;1;A;;15;11;4;4;14;21;4;4;4;1;0;0
02/11/2025;Torino;Pisa;2;2;D;2;2;D;;15;11;3;3;14;8;4;2;2;1;0;0
02/11/2025;Parma;Bologna;1;3;A;1;1;D;;7;22;1;6;16;15;1;5;3;2;1;0
02/11/2025;Milan;Roma;1;0;H;1;0;H;;17;20;8;6;12;13;7;8;1;5;0;0
03/11/2025;Sassuolo;Genoa;1;2;A;0;1;A;;13;16;4;5;13;13;3;7;1;3;0;0
03/11/2025;Lazio;Cagliari;2;0;H;0;0;D;;8;17;3;5;8;18;7;5;0;2;0;0
07/11/2025;Pisa;Cremonese;1;0;H;0;0;D;;14;13;6;3;11;17;4;5;4;2;0;0
08/11/2025;Como;Cagliari;0;0;D;0;0;D;;10;4;6;2;21;15;10;0;3;1;0;0
08/11/2025;Lecce;Verona;0;0;D;0;0;D;;11;5;6;2;10;18;7;2;1;4;0;0
08/11/2025;Juventus;Torino;0;0;D;0;0;D;;22;8;6;3;9;4;6;2;0;1;0;0
08/11/2025;Parma;Milan;2;2;D;1;2;A;;14;10;4;5;14;10;4;3;1;1;0;0
09/11/2025;Atalanta;Sassuolo;0;3;A;0;1;A;;14;8;2;4;9;8;4;1;0;2;0;0
09/11/2025;Bologna;Napoli;2;0;H;0;0;D;;11;4;4;1;14;15;5;4;1;3;0;0
09/11/2025;Genoa;Fiorentina;2;2;D;1;1;D;;10;7;6;3;20;15;3;7;2;3;0;0
09/11/2025;Roma;Udinese;2;0;H;1;0;H;;13;10;4;4;13;14;3;4;2;1;0;0
09/11/2025;Inter;Lazio;2;0;H;1;0;H;;8;8;3;5;26;11;3;1;3;1;0;0
22/11/2025;Cagliari;Genoa;3;3;D;2;2;D;;11;13;5;8;22;16;6;2;4;3;0;1
22/11/2025;Udinese;Bologna;0;3;A;0;0;D;;12;10;3;5;19;16;7;2;0;1;0;0
22/11/2025;Fiorentina;Juventus;1;1;D;0;1;A;;11;17;2;4;11;18;7;3;2;3;0;0
22/11/2025;Napoli;Atalanta;3;1;H;3;0;H;;11;14;6;3;11;12;5;3;1;2;0;0
23/11/2025;Verona;Parma;1;2;A;0;1;A;;10;15;2;7;24;6;4;4;4;3;0;0
23/11/2025;Cremonese;Roma;1;3;A;0;1;A;;9;12;4;6;12;16;3;5;2;2;0;0
23/11/2025;Lazio;Lecce;2;0;H;1;0;H;;19;5;9;1;8;13;8;2;1;1;0;0
23/11/2025;Inter;Milan;0;1;A;0;0;D;;20;7;6;3;7;9;9;1;1;2;0;0
24/11/2025;Torino;Como;1;5;A;1;1;D;;10;15;2;7;6;9;3;4;0;1;0;0
24/11/2025;Sassuolo;Pisa;2;2;D;1;1;D;;22;10;7;3;10;10;5;2;2;1;0;0
28/11/2025;Como;Sassuolo;2;0;H;1;0;H;;18;12;13;5;11;7;4;4;2;1;0;0
29/11/2025;Genoa;Verona;2;1;H;1;1;D;;15;13;4;5;9;19;2;3;1;3;0;0
29/11/2025;Parma;Udinese;0;2;A;0;1;A;;17;14;2;5;6;19;5;9;1;2;1;1
29/11/2025;Juventus;Cagliari;2;1;H;2;1;H;;14;5;6;3;16;16;1;6;1;5;0;0
29/11/2025;Milan;Lazio;1;0;H;0;0;D;;16;9;4;4;10;12;1;4;3;3;0;0
30/11/2025;Lecce;Torino;2;1;H;2;0;H;;10;15;2;6;16;22;6;6;2;3;0;0
30/11/2025;Pisa;Inter;0;2;A;0;0;D;;10;14;2;3;13;15;4;6;2;1;0;0
30/11/2025;Atalanta;Fiorentina;2;0;H;1;0;H;;21;15;9;3;15;10;4;5;1;3;0;0
30/11/2025;Roma;Napoli;0;1;A;0;1;A;;8;8;2;5;14;13;4;2;4;3;0;0
01/12/2025;Bologna;Cremonese;1;3;A;1;2;A;;29;10;7;5;13;12;13;8;0;2;0;0
06/12/2025;Sassuolo;Fiorentina;3;1;H;2;1;H;;13;9;5;1;15;15;7;1;2;3;0;0
06/12/2025;Inter;Como;4;0;H;1;0;H;;11;15;7;3;16;13;7;4;1;2;0;0
06/12/2025;Verona;Atalanta;3;1;H;2;0;H;;12;12;7;5;14;7;5;5;2;1;0;0
07/12/2025;Cremonese;Lecce;2;0;H;0;0;D;;11;9;4;1;15;12;5;5;1;2;0;0
07/12/2025;Cagliari;Roma;1;0;H;0;0;D;;15;6;8;2;18;16;4;1;2;1;0;1
07/12/2025;Lazio;Bologna;1;1;D;1;1;D;;16;13;9;6;13;18;7;3;4;3;1;0
07/12/2025;Napoli;Juventus;2;1;H;1;0;H;;9;5;4;2;6;15;9;0;2;1;0;0
08/12/2025;Pisa;Parma;0;1;A;0;1;A;;14;9;2;2;15;7;6;0;2;2;1;0
08/12/2025;Udinese;Genoa;1;2;A;0;1;A;;23;12;6;6;16;12;6;2;1;0;0;0
08/12/2025;Torino;Milan;2;3;A;2;1;H;;8;17;4;6;16;7;2;4;2;1;0;0
12/12/2025;Lecce;Pisa;1;0;H;0;0;D;;21;5;3;0;17;6;12;1;2;1;0;0
13/12/2025;Torino;Cremonese;1;0;H;1;0;H;;18;10;6;3;20;13;6;6;1;2;0;0
13/12/2025;Parma;Lazio;0;1;A;0;0;D;;19;15;5;5;14;8;4;4;2;1;0;2
13/12/2025;Atalanta;Cagliari;2;1;H;1;0;H;;17;8;8;1;13;15;5;4;1;2;0;0
14/12/2025;Milan;Sassuolo;2;2;D;1;1;D;;13;8;5;3;12;12;7;3;1;3;0;0
14/12/2025;Fiorentina;Verona;1;2;A;0;1;A;;20;13;4;3;10;22;9;4;1;5;0;0
14/12/2025;Udinese;Napoli;1;0;H;0;0;D;;18;7;5;0;16;9;1;3;1;0;0;0
14/12/2025;Genoa;Inter;1;2;A;0;2;A;;5;18;3;8;10;20;1;6;2;3;0;0
14/12/2025;Bologna;Juventus;0;1;A;0;0;D;;11;13;4;3;10;11;3;4;3;1;1;0
15/12/2025;Roma;Como;1;0;H;0;0;D;;14;13;4;1;16;8;6;3;3;3;0;0
20/12/2025;Lazio;Cremonese;0;0;D;0;0;D;;8;9;2;2;13;21;3;0;4;3;0;1
20/12/2025;Juventus;Roma;2;1;H;1;0;H;;13;14;9;5;14;13;2;4;2;3;0;0
21/12/2025;Cagliari;Pisa;2;2;D;0;1;A;;14;15;5;3;15;20;2;6;3;2;0;0
21/12/2025;Sassuolo;Torino;0;1;A;0;0;D;;7;10;1;5;15;17;2;3;3;1;0;0
21/12/2025;Fiorentina;Udinese;5;1;H;3;0;H;;20;11;7;4;10;8;1;4;3;1;0;1
21/12/2025;Genoa;Atalanta;0;1;A;0;0;D;;6;16;3;4;11;19;6;10;1;2;1;0
27/12/2025;Parma;Fiorentina;1;0;H;0;0;D;;13;23;2;4;10;15;5;6;2;2;0;0
27/12/2025;Lecce;Como;0;3;A;0;1;A;;11;12;5;6;10;23;4;6;2;4;0;0
27/12/2025;Torino;Cagliari;1;2;A;1;1;D;;19;9;10;4;14;13;6;2;3;0;0;0
27/12/2025;Udinese;Lazio;1;1;D;0;0;D;;15;14;4;2;19;14;5;6;3;4;0;0
27/12/2025;Pisa;Juventus;0;2;A;0;0;D;;8;15;0;7;10;12;2;8;4;1;0;0
28/12/2025;Milan;Verona;3;0;H;1;0;H;;11;9;5;1;5;15;7;3;0;1;0;0
28/12/2025;Cremonese;Napoli;0;2;A;0;2;A;;6;22;2;8;13;8;1;10;2;2;0;0
28/12/2025;Bologna;Sassuolo;1;1;D;0;0;D;;16;8;6;5;18;19;2;3;2;3;0;0
28/12/2025;Atalanta;Inter;0;1;A;0;0;D;;7;15;0;4;8;12;4;7;2;1;0;0
29/12/2025;Roma;Genoa;3;1;H;3;0;H;;16;10;8;2;13;13;6;1;0;1;0;0
02/01/2026;Cagliari;Milan;0;1;A;0;0;D;;6;11;1;4;10;8;6;7;2;1;0;0
03/01/2026;Como;Udinese;1;0;H;1;0;H;;15;4;3;1;12;15;3;2;1;3;0;0
03/01/2026;Genoa;Pisa;1;1;D;1;1;D;;12;10;4;2;9;17;2;7;1;3;0;0
03/01/2026;Sassuolo;Parma;1;1;D;1;1;D;;11;16;3;5;12;7;4;7;2;1;0;0
03/01/2026;Juventus;Lecce;1;1;D;0;1;A;;25;6;5;1;6;7;10;1;0;3;0;0
03/01/2026;Atalanta;Roma;1;0;H;1;0;H;;13;10;2;4;16;15;7;5;1;2;0;0
04/01/2026;Lazio;Napoli;0;2;A;0;2;A;;5;14;0;3;10;13;2;6;5;1;2;1
04/01/2026;Fiorentina;Cremonese;1;0;H;0;0;D;;22;6;8;2;10;19;7;3;1;2;0;0
04/01/2026;Verona;Torino;0;3;A;0;1;A;;7;21;3;5;13;7;4;7;0;2;0;0
04/01/2026;Inter;Bologna;3;1;H;1;0;H;;19;6;10;2;20;21;7;1;3;3;0;0
06/01/2026;Pisa;Como;0;3;A;0;0;D;;10;15;4;7;9;13;1;5;2;2;0;0
06/01/2026;Lecce;Roma;0;2;A;0;1;A;;6;10;1;3;10;20;2;2;3;1;0;0
06/01/2026;Sassuolo;Juventus;0;3;A;0;1;A;;7;17;2;10;3;12;5;5;0;0;0;0
07/01/2026;Bologna;Atalanta;0;2;A;0;1;A;;11;11;2;5;16;15;6;6;0;0;0;0
07/01/2026;Napoli;Verona;2;2;D;0;2;A;;15;11;4;4;7;15;6;1;0;3;0;0
07/01/2026;Lazio;Fiorentina;2;2;D;0;0;D;;17;8;9;5;11;15;8;2;3;5;0;0
07/01/2026;Parma;Inter;0;2;A;0;1;A;;4;26;0;8;4;20;1;3;0;3;0;0
07/01/2026;Torino;Udinese;1;2;A;0;0;D;;10;9;4;4;16;8;3;6;2;1;0;0
08/01/2026;Cremonese;Cagliari;2;2;D;2;0;H;;12;21;5;5;16;12;2;4;2;2;0;0
08/01/2026;Milan;Genoa;1;1;D;0;1;A;;32;7;8;2;12;8;12;1;4;1;0;0
10/01/2026;Como;Bologna;1;1;D;0;0;D;;12;7;3;2;14;3;4;2;3;3;0;1
10/01/2026;Udinese;Pisa;2;2;D;2;1;H;;11;14;2;7;13;16;3;8;1;4;0;0
10/01/2026;Roma;Sassuolo;2;0;H;0;0;D;;26;5;6;3;15;16;5;2;2;2;0;0
10/01/2026;Atalanta;Torino;2;0;H;1;0;H;;18;10;5;3;14;17;5;4;1;2;0;0
11/01/2026;Lecce;Parma;1;2;A;1;0;H;;10;12;1;2;16;17;3;3;3;1;2;0
11/01/2026;Fiorentina;Milan;1;1;D;0;0;D;;20;13;7;3;10;14;8;5;2;3;0;0
11/01/2026;Verona;Lazio;0;1;A;0;0;D;;10;11;2;2;12;7;2;1;2;1;0;0
11/01/2026;Inter;Napoli;2;2;D;1;1;D;;13;7;4;3;12;11;4;1;0;1;0;0
12/01/2026;Genoa;Cagliari;3;0;H;1;0;H;;11;15;7;3;17;20;2;3;2;5;0;0
12/01/2026;Juventus;Cremonese;5;0;H;3;0;H;;18;9;11;2;16;8;4;5;0;1;0;0
14/01/2026;Napoli;Parma;0;0;D;0;0;D;;16;4;4;1;11;12;7;1;1;3;0;0
14/01/2026;Inter;Lecce;1;0;H;0;0;D;;21;10;7;1;11;14;11;3;2;1;0;0
15/01/2026;Verona;Bologna;2;3;A;1;3;A;;15;14;5;5;13;14;4;5;1;2;0;0
15/01/2026;Como;Milan;1;3;A;1;1;D;;18;7;8;4;7;5;8;4;1;0;0;0
16/01/2026;Pisa;Atalanta;1;1;D;0;0;D;;14;9;6;4;12;11;10;1;1;2;0;0
17/01/2026;Udinese;Inter;0;1;A;0;1;A;;5;14;1;5;17;11;2;5;0;1;0;0
17/01/2026;Napoli;Sassuolo;1;0;H;1;0;H;;11;21;4;4;10;11;5;4;0;3;0;0
17/01/2026;Cagliari;Juventus;1;0;H;0;0;D;;3;21;1;5;16;12;1;18;0;1;0;0
18/01/2026;Parma;Genoa;0;0;D;0;0;D;;14;11;2;3;13;18;7;3;3;2;0;0
18/01/2026;Bologna;Fiorentina;1;2;A;0;2;A;;18;11;3;4;14;13;7;1;3;0;0;0
18/01/2026;Torino;Roma;0;2;A;0;1;A;;8;14;4;5;13;9;2;1;2;1;0;0
18/01/2026;Milan;Lecce;1;0;H;0;0;D;;20;4;6;0;9;11;10;2;1;1;0;0
19/01/2026;Cremonese;Verona;0;0;D;0;0;D;;7;11;1;4;13;13;3;6;3;0;0;0
19/01/2026;Lazio;Como;0;3;A;0;2;A;;8;11;4;6;14;9;3;2;4;3;0;0
23/01/2026;Inter;Pisa;6;2;H;3;2;H;;34;8;14;3;8;11;7;5;2;3;0;0
24/01/2026;Como;Torino;6;0;H;2;0;H;;17;7;7;1;9;15;2;1;0;1;0;0
24/01/2026;Fiorentina;Cagliari;1;2;A;0;1;A;;15;10;3;6;11;17;8;3;2;3;0;0
24/01/2026;Lecce;Lazio;0;0;D;0;0;D;;15;6;2;1;16;6;4;1;2;1;0;0
25/01/2026;Sassuolo;Cremonese;1;0;H;1;0;H;;13;10;7;4;13;14;3;5;1;2;0;0
25/01/2026;Atalanta;Parma;4;0;H;2;0;H;;21;15;9;2;14;8;6;9;1;0;0;0
25/01/2026;Genoa;Bologna;3;2;H;0;1;A;;8;13;6;3;14;17;5;2;2;2;0;1
25/01/2026;Juventus;Napoli;3;0;H;1;0;H;;12;9;6;1;21;11;2;2;1;2;0;0
25/01/2026;Roma;Milan;1;1;D;0;0;D;;15;5;7;2;15;11;5;3;0;4;0;0
26/01/2026;Verona;Udinese;1;3;A;1;1;D;;7;20;4;7;8;11;3;8;2;0;0;0
30/01/2026;Lazio;Genoa;3;2;H;0;0;D;;14;16;4;4;12;12;5;3;2;3;0;0
31/01/2026;Pisa;Sassuolo;1;3;A;0;2;A;;15;21;6;5;13;8;2;5;3;3;0;0
31/01/2026;Napoli;Fiorentina;2;1;H;1;0;H;;19;15;6;5;21;13;4;4;1;1;0;0
31/01/2026;Cagliari;Verona;4;0;H;2;0;H;;13;9;7;3;9;14;6;3;0;2;0;1
01/02/2026;Torino;Lecce;1;0;H;1;0;H;;17;14;5;2;14;12;3;8;2;2;0;0
01/02/2026;Como;Atalanta;0;0;D;0;0;D;;28;6;9;2;9;11;7;1;4;3;0;1
01/02/2026;Cremonese;Inter;0;2;A;0;2;A;;9;15;3;4;19;14;1;6;3;0;0;0
01/02/2026;Parma;Juventus;1;4;A;0;2;A;;10;15;4;8;10;13;5;3;1;3;0;0
02/02/2026;Udinese;Roma;1;0;H;0;0;D;;8;10;4;3;18;17;4;7;5;4;0;0
03/02/2026;Bologna;Milan;0;3;A;0;2;A;;13;10;2;3;14;10;5;0;3;0;0;0
06/02/2026;Verona;Pisa;0;0;D;0;0;D;;4;11;0;3;13;16;8;4;1;2;0;0
07/02/2026;Genoa;Napoli;2;3;A;1;2;A;;12;14;3;5;16;12;4;3;2;4;0;1
07/02/2026;Fiorentina;Torino;2;2;D;0;1;A;;21;12;5;4;6;23;9;4;2;5;0;0
08/02/2026;Bologna;Parma;0;1;A;0;0;D;;16;5;2;1;10;14;4;5;1;3;1;1
08/02/2026;Lecce;Udinese;2;1;H;1;1;D;;16;6;5;1;9;21;7;0;1;2;0;0
08/02/2026;Sassuolo;Inter;0;5;A;0;2;A;;7;23;2;11;6;10;5;6;2;1;1;0
08/02/2026;Juventus;Lazio;2;2;D;0;1;A;;34;9;8;2;10;4;8;1;0;2;0;0
09/02/2026;Atalanta;Cremonese;2;1;H;2;0;H;;29;12;9;2;11;11;13;2;2;0;0;0
09/02/2026;Roma;Cagliari;2;0;H;1;0;H;;15;3;5;1;18;14;7;1;2;4;0;0
13/02/2026;Pisa;Milan;1;2;A;0;1;A;;7;7;2;2;14;9;3;1;1;3;0;1
14/02/2026;Como;Fiorentina;1;2;A;0;1;A;;16;7;3;3;14;12;4;2;4;2;1;0
14/02/2026;Lazio;Atalanta;0;2;A;0;1;A;;18;12;5;5;10;16;5;4;1;4;0;0
14/02/2026;Inter;Juventus;3;2;H;1;1;D;;21;11;9;8;15;7;4;1;4;2;0;1
15/02/2026;Udinese;Sassuolo;1;2;A;1;0;H;;8;10;2;3;14;14;7;6;3;3;0;0
15/02/2026;Cremonese;Genoa;0;0;D;0;0;D;;19;19;8;6;10;12;6;11;2;0;0;0
15/02/2026;Parma;Verona;2;1;H;1;1;D;;27;4;8;1;7;14;12;1;2;1;0;1
15/02/2026;Torino;Bologna;1;2;A;0;0;D;;7;14;2;6;14;10;4;2;3;1;0;0
15/02/2026;Napoli;Roma;2;2;D;1;1;D;;11;9;7;2;14;14;2;1;1;1;0;0
16/02/2026;Cagliari;Lecce;0;2;A;0;0;D;;11;13;0;4;16;14;8;2;0;0;0;0
18/02/2026;Milan;Como;1;1;D;0;1;A;;6;10;4;4;11;12;4;4;2;3;0;0
20/02/2026;Sassuolo;Verona;3;0;H;2;0;H;;8;12;4;1;12;14;6;5;2;3;0;1
21/02/2026;Juventus;Como;0;2;A;0;1;A;;11;11;3;2;10;15;7;2;1;0;0;0
21/02/2026;Lecce;Inter;0;2;A;0;0;D;;3;24;0;9;10;8;2;10;1;2;0;0
21/02/2026;Cagliari;Lazio;0;0;D;0;0;D;;11;10;2;3;12;15;3;6;3;2;1;0
22/02/2026;Genoa;Torino;3;0;H;2;0;H;;16;7;5;3;9;14;1;3;0;1;0;1
22/02/2026;Atalanta;Napoli;2;1;H;0;1;A;;10;10;7;4;10;9;6;1;1;1;0;0
22/02/2026;Milan;Parma;0;1;A;0;0;D;;25;9;6;3;13;10;5;2;2;1;0;0
22/02/2026;Roma;Cremonese;3;0;H;0;0;D;;23;2;5;0;12;11;9;1;1;1;0;0
23/02/2026;Fiorentina;Pisa;1;0;H;1;0;H;;15;7;5;1;8;19;4;3;3;3;0;0
23/02/2026;Bologna;Udinese;1;0;H;0;0;D;;11;10;6;3;10;13;4;7;1;1;0;0
27/02/2026;Parma;Cagliari;1;1;D;0;0;D;;18;11;4;5;14;8;6;3;2;4;0;0
28/02/2026;Como;Lecce;3;1;H;3;1;H;;12;5;7;2;15;12;5;1;0;1;0;0
28/02/2026;Verona;Napoli;1;2;A;0;1;A;;8;9;2;5;11;11;2;5;3;4;0;0
28/02/2026;Inter;Genoa;2;0;H;1;0;H;;14;6;6;2;13;8;10;2;2;1;0;0
01/03/2026;Cremonese;Milan;0;2;A;0;0;D;;15;20;3;6;14;10;6;7;2;0;0;0
01/03/2026;Sassuolo;Atalanta;2;1;H;1;0;H;;7;26;5;7;3;13;3;9;2;2;1;0
01/03/2026;Torino;Lazio;2;0;H;1;0;H;;13;12;5;3;13;5;6;9;4;1;0;0
01/03/2026;Roma;Juventus;3;3;D;1;0;H;;11;13;5;5;7;12;4;1;1;0;0;0
02/03/2026;Pisa;Bologna;0;1;A;0;0;D;;6;8;3;1;15;11;7;4;0;2;0;0
02/03/2026;Udinese;Fiorentina;3;0;H;1;0;H;;10;10;7;0;16;12;5;2;1;4;0;0
06/03/2026;Napoli;Torino;2;1;H;1;0;H;;14;7;9;4;9;11;11;2;0;3;0;0
07/03/2026;Cagliari;Como;1;2;A;0;1;A;;8;8;3;2;17;18;2;3;3;1;0;0
07/03/2026;Atalanta;Udinese;2;2;D;0;1;A;;22;8;4;2;7;10;11;3;1;2;0;0
07/03/2026;Juventus;Pisa;4;0;H;0;0;D;;25;7;7;2;7;7;4;4;1;3;0;0
08/03/2026;Lecce;Cremonese;2;1;H;2;0;H;;9;10;3;5;19;27;4;4;1;4;0;1
08/03/2026;Bologna;Verona;1;2;A;0;0;D;;19;15;2;5;5;20;5;3;1;2;0;0
08/03/2026;Fiorentina;Parma;0;0;D;0;0;D;;12;8;1;0;12;14;7;1;2;0;0;0
08/03/2026;Genoa;Roma;2;1;H;0;0;D;;11;8;5;1;11;17;3;6;1;3;0;0
08/03/2026;Milan;Inter;1;0;H;1;0;H;;9;11;2;2;8;12;1;6;2;2;0;0
09/03/2026;Lazio;Sassuolo;2;1;H;1;1;D;;13;7;5;4;7;8;1;6;0;4;0;0
13/03/2026;Torino;Parma;4;1;H;1;1;D;;15;6;6;3;17;13;2;7;1;3;0;0
14/03/2026;Inter;Atalanta;1;1;D;1;0;H;;16;8;3;3;11;5;2;3;2;2;0;0
14/03/2026;Napoli;Lecce;2;1;H;0;1;A;;12;12;4;2;11;7;7;7;0;1;0;0
14/03/2026;Udinese;Juventus;0;1;A;0;1;A;;10;22;2;8;12;14;2;6;3;1;0;0
15/03/2026;Verona;Genoa;0;2;A;0;0;D;;8;11;1;3;22;9;4;2;2;1;0;0
15/03/2026;Pisa;Cagliari;3;1;H;1;0;H;;10;14;6;4;14;16;1;5;1;4;1;1
15/03/2026;Sassuolo;Bologna;0;1;A;0;1;A;;9;16;3;3;16;11;7;4;1;2;0;0
15/03/2026;Como;Roma;2;1;H;0;1;A;;22;3;7;1;16;18;7;1;2;3;0;1
15/03/2026;Lazio;Milan;1;0;H;1;0;H;;7;17;2;3;7;19;1;9;4;1;0;0
16/03/2026;Cremonese;Fiorentina;1;4;A;0;2;A;;13;13;3;6;17;16;4;6;1;0;0;0
20/03/2026;Cagliari;Napoli;0;1;A;0;1;A;;7;17;0;5;12;16;2;7;2;2;0;0
20/03/2026;Genoa;Udinese;0;2;A;0;0;D;;18;6;2;4;5;13;7;1;1;5;0;0
21/03/2026;Parma;Cremonese;0;2;A;0;0;D;;8;7;1;4;20;15;3;1;3;3;0;0
21/03/2026;Milan;Torino;3;2;H;1;1;D;;15;19;6;7;9;10;4;6;3;1;0;0
21/03/2026;Juventus;Sassuolo;1;1;D;1;0;H;;18;7;8;1;7;7;9;4;1;2;0;0
22/03/2026;Como;Pisa;5;0;H;2;0;H;;14;7;7;0;5;6;7;1;0;2;0;0
22/03/2026;Atalanta;Verona;1;0;H;1;0;H;;11;12;3;3;12;16;2;4;1;3;0;0
22/03/2026;Bologna;Lazio;0;2;A;0;0;D;;15;9;4;5;13;8;2;1;1;1;0;0
22/03/2026;Roma;Lecce;1;0;H;0;0;D;;14;8;2;3;14;17;10;2;2;2;0;0
22/03/2026;Fiorentina;Inter;1;1;D;0;1;A;;16;12;6;4;16;12;3;5;3;3;0;0
04/04/2026;Sassuolo;Cagliari;2;1;H;0;1;A;;9;11;2;3;14;11;2;2;1;0;0;0
04/04/2026;Verona;Fiorentina;0;1;A;0;0;D;;21;5;8;1;15;7;9;1;3;1;1;1
04/04/2026;Lazio;Parma;1;1;D;0;1;A;;7;7;3;4;12;8;7;2;1;2;0;0
05/04/2026;Cremonese;Bologna;1;2;A;0;2;A;;9;14;3;7;15;15;2;4;2;3;1;1
05/04/2026;Pisa;Torino;0;1;A;0;0;D;;7;13;1;2;12;12;1;2;1;0;0;0
05/04/2026;Inter;Roma;5;2;H;2;1;H;;17;9;9;3;11;10;7;4;0;1;0;0
06/04/2026;Udinese;Como;0;0;D;0;0;D;;14;12;4;4;10;12;6;2;2;3;0;0
06/04/2026;Lecce;Atalanta;0;3;A;0;1;A;;11;16;0;6;10;18;2;5;0;2;0;0
06/04/2026;Juventus;Genoa;2;0;H;2;0;H;;16;12;5;3;10;8;5;5;4;1;0;0
06/04/2026;Napoli;Milan;1;0;H;0;0;D;;10;7;3;1;7;6;4;3;2;0;0;0
10/04/2026;Roma;Pisa;3;0;H;2;0;H;;8;9;3;5;11;12;1;3;1;1;0;0
11/04/2026;Cagliari;Cremonese;1;0;H;0;0;D;;17;5;5;2;9;17;6;5;1;1;0;0
11/04/2026;Torino;Verona;2;1;H;1;1;D;;11;18;2;4;13;17;3;6;1;4;0;0
11/04/2026;Milan;Udinese;0;3;A;0;2;A;;20;12;3;6;9;14;4;3;1;1;0;0
11/04/2026;Atalanta;Juventus;0;1;A;0;0;D;;22;7;3;2;7;11;13;2;1;3;0;0
12/04/2026;Genoa;Sassuolo;2;1;H;1;0;H;;14;15;7;6;9;14;5;3;2;3;1;1
12/04/2026;Parma;Napoli;1;1;D;1;0;H;;3;20;2;6;4;8;3;7;1;0;0;0
12/04/2026;Bologna;Lecce;2;0;H;1;0;H;;12;6;4;1;15;19;8;6;0;2;0;0
12/04/2026;Como;Inter;3;4;A;2;1;H;;24;7;8;5;12;17;1;1;3;7;0;0
13/04/2026;Fiorentina;Lazio;1;0;H;1;0;H;;8;13;2;6;10;10;5;6;3;2;0;0
17/04/2026;Sassuolo;Como;2;1;H;2;1;H;;11;12;4;3;14;11;5;8;3;3;0;0
17/04/2026;Inter;Cagliari;3;0;H;0;0;D;;18;10;5;1;17;6;4;9;0;2;0;0
18/04/2026;Udinese;Parma;0;1;A;0;0;D;;16;10;3;1;11;8;10;5;2;0;0;0
18/04/2026;Napoli;Lazio;0;2;A;0;1;A;;12;14;0;7;11;9;12;0;1;3;0;0
18/04/2026;Roma;Atalanta;1;1;D;1;1;D;;19;8;9;2;4;14;7;6;1;2;0;0
19/04/2026;Cremonese;Torino;0;0;D;0;0;D;;14;4;4;1;11;12;6;1;0;3;0;0
19/04/2026;Verona;Milan;0;1;A;0;1;A;;13;6;2;3;13;6;6;1;2;0;0;0
19/04/2026;Pisa;Genoa;1;2;A;1;1;D;;12;13;4;5;21;16;5;5;3;1;0;0
19/04/2026;Juventus;Bologna;2;0;H;1;0;H;;14;7;4;0;10;5;6;1;1;0;0;0
20/04/2026;Lecce;Fiorentina;1;1;D;0;1;A;;14;5;4;3;8;13;5;2;2;4;0;0
24/04/2026;Napoli;Cremonese;4;0;H;3;0;H;;25;7;9;4;7;11;7;5;0;0;0;0
25/04/2026;Parma;Pisa;1;0;H;0;0;D;;15;12;5;3;10;19;7;4;1;2;0;0
25/04/2026;Bologna;Roma;0;2;A;0;2;A;;10;7;2;2;10;16;7;7;0;3;0;0
25/04/2026;Verona;Lecce;0;0;D;0;0;D;;6;12;3;2;15;19;2;4;2;5;0;0
26/04/2026;Fiorentina;Sassuolo;0;0;D;0;0;D;;22;11;5;1;13;12;7;4;2;1;0;0
26/04/2026;Genoa;Como;0;2;A;0;1;A;;9;8;1;2;12;15;2;3;1;3;0;0
26/04/2026;Torino;Inter;2;2;D;0;1;A;;14;14;2;5;10;8;5;5;1;2;0;0
26/04/2026;Milan;Juventus;0;0;D;0;0;D;;8;10;1;5;12;8;1;3;2;3;0;0
27/04/2026;Cagliari;Atalanta;3;2;H;2;2;D;;9;12;4;6;8;11;4;6;0;0;0;0
27/04/2026;Lazio;Udinese;3;3;D;0;1;A;;13;16;5;7;17;14;4;5;3;1;0;0
01/05/2026;Pisa;Lecce;1;2;A;0;0;D;;17;7;7;4;15;13;6;1;4;2;0;0
02/05/2026;Udinese;Torino;2;0;H;1;0;H;;19;9;8;1;11;18;5;2;1;1;0;0
02/05/2026;Como;Napoli;0;0;D;0;0;D;;16;8;5;1;11;10;3;2;1;1;0;0
02/05/2026;Atalanta;Genoa;0;0;D;0;0;D;;21;7;7;2;14;10;6;2;2;1;0;0
03/05/2026;Bologna;Cagliari;0;0;D;0;0;D;;13;8;4;2;13;12;7;2;2;1;0;0
03/05/2026;Sassuolo;Milan;2;0;H;1;0;H;;13;7;4;1;16;16;2;3;4;4;0;1
03/05/2026;Juventus;Verona;1;1;D;0;1;A;;29;7;7;3;9;19;14;1;1;4;0;0
03/05/2026;Inter;Parma;2;0;H;1;0;H;;12;4;5;0;9;7;8;3;1;0;0;0
04/05/2026;Cremonese;Lazio;1;2;A;1;0;H;;13;8;5;3;16;13;3;3;1;2;0;0
04/05/2026;Roma;Fiorentina;4;0;H;3;0;H;;14;4;7;1;12;10;4;5;2;2;0;0
08/05/2026;Torino;Sassuolo;2;1;H;0;0;D;;18;13;4;7;13;9;7;5;4;2;0;0
09/05/2026;Cagliari;Udinese;0;2;A;0;0;D;;22;9;5;6;10;13;8;4;1;1;0;0
09/05/2026;Lazio;Inter;0;3;A;0;2;A;;9;14;5;5;10;8;5;1;2;1;1;0
09/05/2026;Lecce;Juventus;0;1;A;0;1;A;;8;15;3;6;7;18;1;7;1;1;0;0
10/05/2026;Verona;Como;0;1;A;0;0;D;;11;11;3;4;17;14;7;7;1;1;0;0
10/05/2026;Cremonese;Pisa;3;0;H;1;0;H;;10;0;6;0;10;12;7;1;0;4;0;2
10/05/2026;Fiorentina;Genoa;0;0;D;0;0;D;;13;9;1;3;13;14;4;3;0;0;0;0
10/05/2026;Parma;Roma;2;3;A;0;1;A;;11;15;3;7;14;8;3;6;4;0;1;0
10/05/2026;Milan;Atalanta;2;3;A;0;2;A;;20;9;9;5;8;17;2;2;3;3;0;0
11/05/2026;Napoli;Bologna;2;3;A;1;2;A;;14;10;5;4;10;12;7;1;1;4;0;0
17/05/2026;Como;Parma;1;0;H;0;0;D;;23;2;7;2;10;14;15;2;2;0;0;0
17/05/2026;Genoa;Milan;1;2;A;0;0;D;;11;8;2;6;8;19;4;4;2;3;0;0
17/05/2026;Juventus;Fiorentina;0;2;A;0;1;A;;26;10;9;4;15;12;6;2;1;3;0;1
17/05/2026;Pisa;Napoli;0;3;A;0;2;A;;4;10;2;5;13;8;1;6;2;2;0;0
17/05/2026;Roma;Lazio;2;0;H;1;0;H;;16;6;7;2;15;17;8;3;2;3;1;1
17/05/2026;Inter;Verona;1;1;D;0;0;D;;17;14;6;5;9;12;10;2;0;2;0;0
17/05/2026;Atalanta;Bologna;0;1;A;0;0;D;;10;10;1;5;17;6;2;5;1;1;0;0
17/05/2026;Cagliari;Torino;2;1;H;2;1;H;;13;10;4;3;8;13;5;1;1;1;0;0
17/05/2026;Sassuolo;Lecce;2;3;A;1;2;A;;15;11;6;6;7;13;2;8;1;4;0;0
17/05/2026;Udinese;Cremonese;0;1;A;0;1;A;;10;7;2;4;10;9;5;5;1;3;0;0
22/05/2026;Fiorentina;Atalanta;1;1;D;1;0;H;;11;21;4;6;11;14;3;3;0;2;0;0
23/05/2026;Bologna;Inter;3;3;D;2;1;H;;11;11;3;5;15;14;1;4;0;2;0;0
23/05/2026;Lazio;Pisa;2;1;H;2;1;H;;15;8;9;2;9;8;5;1;2;1;0;0
24/05/2026;Parma;Sassuolo;1;0;H;0;0;D;;16;6;3;1;10;14;1;1;2;2;0;0
24/05/2026;Napoli;Udinese;1;0;H;1;0;H;;14;10;6;3;3;13;3;3;0;3;0;1
24/05/2026;Cremonese;Como;1;4;A;0;1;A;;6;15;1;6;14;12;2;4;4;2;3;0
24/05/2026;Lecce;Genoa;1;0;H;1;0;H;;9;8;4;1;11;6;1;6;2;0;0;0
24/05/2026;Milan;Cagliari;1;2;A;1;1;D;;16;25;3;10;8;9;5;5;2;2;0;0
24/05/2026;Torino;Juventus;2;2;D;0;1;A;;12;17;5;4;10;10;6;6;1;2;0;0
24/05/2026;Verona;Roma;0;2;A;0;0;D;;8;19;3;7;12;10;6;6;3;1;1;0
Date;HomeTeam;AwayTeam;FTHG;FTAG;FTR;HTHG;HTAG;HTR;Referee;HS;AS;HST;AST;HF;AF;HC;AC;HY;AY;HR;AR
15/08/2025;Rennes;Marseille;1;0;H;0;0;D;;12;24;5;2;8;11;1;12;2;3;1;0
16/08/2025;Lens;Lyon;0;1;A;0;1;A;;18;11;5;3;13;20;13;8;2;3;0;0
16/08/2025;Monaco;Le Havre;3;1;H;1;0;H;;13;9;3;4;5;14;5;4;0;1;0;0
16/08/2025;Nice;Toulouse;0;1;A;0;0;D;;13;10;2;2;12;13;9;4;2;3;0;0
17/08/2025;Brest;Lille;3;3;D;1;2;A;;18;10;5;6;11;13;2;2;2;1;0;0
17/08/2025;Angers;Paris FC;1;0;H;1;0;H;;8;17;2;7;14;10;3;7;2;1;1;0
17/08/2025;Auxerre;Lorient;1;0;H;0;0;D;;7;14;3;3;18;14;4;5;3;2;0;0
17/08/2025;Metz;Strasbourg;0;1;A;0;0;D;;2;9;0;4;16;13;3;3;2;2;0;0
17/08/2025;Nantes;Paris SG;0;1;A;0;0;D;;6;18;0;4;6;6;2;7;1;1;0;0
22/08/2025;Paris SG;Angers;1;0;H;0;0;D;;21;3;4;0;3;9;12;0;0;0;0;0
23/08/2025;Marseille;Paris FC;5;2;H;2;1;H;;12;8;7;4;9;12;5;2;1;0;0;0
23/08/2025;Nice;Auxerre;3;1;H;2;1;H;;16;12;6;8;10;15;5;4;2;2;0;1
23/08/2025;Lyon;Metz;3;0;H;2;0;H;;13;11;8;2;13;15;4;3;0;2;0;0
24/08/2025;Lorient;Rennes;4;0;H;1;0;H;;22;5;7;1;18;7;3;2;6;0;0;2
24/08/2025;Le Havre;Lens;1;2;A;1;2;A;;18;6;6;3;17;16;7;0;3;1;0;0
24/08/2025;Strasbourg;Nantes;1;0;H;0;0;D;;15;9;4;2;11;9;7;6;2;2;0;0
24/08/2025;Toulouse;Brest;2;0;H;0;0;D;;6;16;3;2;14;10;3;9;0;1;0;0
24/08/2025;Lille;Monaco;1;0;H;0;0;D;;18;6;1;1;7;14;8;3;1;2;0;0
29/08/2025;Lens;Brest;3;1;H;0;1;A;;30;9;10;2;7;12;15;1;1;3;0;1
30/08/2025;Lorient;Lille;1;7;A;0;0;D;;6;20;2;11;14;18;3;8;3;3;0;0
30/08/2025;Nantes;Auxerre;1;0;H;1;0;H;;4;14;3;4;13;11;3;9;1;3;0;0
30/08/2025;Toulouse;Paris SG;3;6;A;1;4;A;;14;13;6;8;7;11;5;7;1;0;0;0
31/08/2025;Angers;Rennes;1;1;D;0;1;A;;10;15;7;7;9;11;1;7;2;2;0;0
31/08/2025;Le Havre;Nice;3;1;H;1;0;H;;12;7;8;3;13;16;0;5;1;4;0;0
31/08/2025;Monaco;Strasbourg;3;2;H;1;0;H;;12;12;4;4;13;12;6;5;2;1;0;1
31/08/2025;Paris FC;Metz;3;2;H;1;1;D;;24;14;9;2;4;8;14;6;1;1;0;1
31/08/2025;Lyon;Marseille;1;0;H;0;0;D;;17;5;5;2;16;11;9;4;2;2;0;1
12/09/2025;Marseille;Lorient;4;0;H;3;0;H;;15;4;8;1;18;5;10;0;3;2;0;1
13/09/2025;Nice;Nantes;1;0;H;0;0;D;;19;14;8;3;16;13;7;4;2;0;0;0
13/09/2025;Auxerre;Monaco;1;2;A;0;1;A;;9;13;2;3;12;19;5;8;3;6;1;0
14/09/2025;Lille;Toulouse;2;1;H;0;0;D;;20;9;5;4;12;10;7;6;2;3;0;1
14/09/2025;Brest;Paris FC;1;2;A;0;2;A;;23;7;8;4;11;10;6;1;0;2;0;1
14/09/2025;Metz;Angers;1;1;D;1;0;H;;9;11;5;4;10;7;4;3;0;1;0;0
14/09/2025;Paris SG;Lens;2;0;H;1;0;H;;14;11;6;3;10;8;4;3;1;2;0;0
14/09/2025;Strasbourg;Le Havre;1;0;H;0;0;D;;9;10;7;1;8;16;4;3;2;2;1;0
14/09/2025;Rennes;Lyon;3;1;H;0;1;A;;23;8;5;5;18;13;5;4;2;2;0;1
19/09/2025;Lyon;Angers;1;0;H;0;0;D;;16;10;5;2;16;10;7;4;2;2;0;0
20/09/2025;Nantes;Rennes;2;2;D;0;2;A;;16;8;4;4;14;18;4;4;3;1;0;0
20/09/2025;Brest;Nice;4;1;H;2;1;H;;11;21;5;4;17;11;2;7;1;3;0;0
20/09/2025;Lens;Lille;3;0;H;2;0;H;;15;17;6;3;17;11;4;10;1;3;0;0
21/09/2025;Paris FC;Strasbourg;2;3;A;0;1;A;;18;8;6;4;11;10;4;2;1;5;0;0
21/09/2025;Auxerre;Toulouse;1;0;H;1;0;H;;6;13;1;3;12;20;3;4;1;6;1;0
21/09/2025;Le Havre;Lorient;1;1;D;0;1;A;;13;8;2;4;20;15;6;2;3;6;0;0
21/09/2025;Monaco;Metz;5;2;H;1;1;D;;16;8;6;3;15;6;4;5;1;0;0;0
22/09/2025;Marseille;Paris SG;1;0;H;1;0;H;;9;12;2;5;16;7;5;3;3;0;0;0
26/09/2025;Strasbourg;Marseille;1;2;A;0;0;D;;9;16;1;9;13;15;5;4;2;4;0;0
27/09/2025;Lorient;Monaco;3;1;H;1;0;H;;19;5;8;2;10;11;2;4;2;3;0;1
27/09/2025;Toulouse;Nantes;2;2;D;0;1;A;;20;12;7;2;18;12;1;4;2;3;0;0
27/09/2025;Paris SG;Auxerre;2;0;H;1;0;H;;15;12;8;3;17;10;5;5;1;2;0;0
28/09/2025;Nice;Paris FC;1;1;D;1;0;H;;11;13;5;3;14;14;5;5;1;1;0;0
28/09/2025;Angers;Brest;0;2;A;0;2;A;;11;7;2;3;13;13;11;4;1;1;0;0
28/09/2025;Lille;Lyon;0;1;A;0;1;A;;14;5;3;2;20;24;3;4;4;4;1;0
28/09/2025;Metz;Le Havre;0;0;D;0;0;D;;7;11;0;2;16;16;4;6;2;2;0;0
28/09/2025;Rennes;Lens;0;0;D;0;0;D;;14;13;2;2;16;9;8;4;3;2;0;1
03/10/2025;Paris FC;Lorient;2;0;H;2;0;H;;10;8;2;3;19;10;1;5;0;2;0;0
04/10/2025;Metz;Marseille;0;3;A;0;0;D;;4;21;1;9;8;7;4;4;0;0;0;0
04/10/2025;Brest;Nantes;0;0;D;0;0;D;;17;6;5;0;11;12;12;3;2;1;0;0
04/10/2025;Auxerre;Lens;1;2;A;0;1;A;;18;7;2;4;10;21;2;2;3;7;0;1
05/10/2025;Lyon;Toulouse;1;2;A;1;0;H;;13;14;3;4;13;17;8;5;1;3;0;0
05/10/2025;Le Havre;Rennes;2;2;D;1;2;A;;10;9;2;3;13;9;3;4;1;2;0;0
05/10/2025;Monaco;Nice;2;2;D;1;2;A;;20;9;6;2;10;9;6;7;1;3;0;1
05/10/2025;Strasbourg;Angers;5;0;H;1;0;H;;18;5;12;1;12;11;2;5;2;2;0;0
05/10/2025;Lille;Paris SG;1;1;D;0;0;D;;9;17;3;5;11;12;3;5;1;1;0;0
17/10/2025;Paris SG;Strasbourg;3;3;D;1;2;A;;21;12;9;7;12;15;4;1;2;1;0;0
18/10/2025;Nice;Lyon;3;2;H;2;1;H;;5;29;4;7;10;11;1;16;1;2;0;0
18/10/2025;Angers;Monaco;1;1;D;0;0;D;;16;11;3;4;15;14;10;3;2;2;0;0
18/10/2025;Marseille;Le Havre;6;2;H;1;1;D;;18;8;11;3;17;13;2;1;2;1;0;1
19/10/2025;Lens;Paris FC;2;1;H;1;1;D;;11;9;3;3;11;8;11;3;2;2;0;0
19/10/2025;Lorient;Brest;3;3;D;1;2;A;;12;8;7;4;13;16;5;2;3;2;0;0
19/10/2025;Rennes;Auxerre;2;2;D;1;1;D;;19;7;7;4;11;15;6;2;1;3;0;0
19/10/2025;Toulouse;Metz;4;0;H;2;0;H;;16;2;7;2;14;11;5;1;2;1;0;1
19/10/2025;Nantes;Lille;0;2;A;0;1;A;;8;23;3;5;12;15;5;9;1;4;0;0
24/10/2025;Paris FC;Nantes;1;2;A;1;2;A;;14;11;3;3;10;13;8;2;3;2;0;0
25/10/2025;Brest;Paris SG;0;3;A;0;2;A;;8;18;2;8;10;10;2;7;1;1;0;0
25/10/2025;Monaco;Toulouse;1;0;H;1;0;H;;14;10;5;2;15;18;2;5;3;4;0;0
25/10/2025;Lens;Marseille;2;1;H;1;1;D;;8;17;5;3;12;9;4;8;3;2;0;0
26/10/2025;Lille;Metz;6;1;H;2;0;H;;23;10;12;4;18;12;7;8;3;2;0;0
26/10/2025;Angers;Lorient;2;0;H;1;0;H;;7;23;4;4;14;6;1;6;1;0;0;0
26/10/2025;Auxerre;Le Havre;0;1;A;0;0;D;;14;9;3;4;21;12;13;5;2;2;0;0
26/10/2025;Rennes;Nice;1;2;A;0;2;A;;19;8;7;3;13;22;7;3;5;2;0;0
26/10/2025;Lyon;Strasbourg;2;1;H;1;1;D;;8;7;3;2;15;19;4;2;0;4;0;1
29/10/2025;Le Havre;Brest;1;0;H;0;0;D;;13;8;3;2;12;11;5;1;1;3;0;0
29/10/2025;Lorient;Paris SG;1;1;D;0;0;D;;5;15;2;8;5;13;0;8;0;2;0;0
29/10/2025;Metz;Lens;2;0;H;0;0;D;;16;10;7;2;15;15;2;5;3;2;1;0
29/10/2025;Nice;Lille;2;0;H;1;0;H;;8;21;4;4;11;10;2;13;3;3;0;0
29/10/2025;Marseille;Angers;2;2;D;0;1;A;;11;12;6;6;11;7;1;5;2;1;0;0
29/10/2025;Nantes;Monaco;3;5;A;2;2;D;;18;19;5;9;13;17;1;3;3;5;0;0
29/10/2025;Paris FC;Lyon;3;3;D;0;1;A;;11;7;3;4;18;16;4;2;6;2;1;1
29/10/2025;Strasbourg;Auxerre;3;0;H;0;0;D;;18;6;9;1;11;16;4;3;1;1;0;0
29/10/2025;Toulouse;Rennes;2;2;D;0;0;D;;15;11;4;5;9;12;5;8;2;3;0;0
01/11/2025;Paris SG;Nice;1;0;H;0;0;D;;28;5;8;2;12;5;11;1;3;1;0;0
01/11/2025;Monaco;Paris FC;0;1;A;0;0;D;;10;9;1;1;10;12;3;2;3;2;0;0
01/11/2025;Auxerre;Marseille;0;1;A;0;1;A;;9;6;4;2;12;14;3;3;3;4;1;1
02/11/2025;Rennes;Strasbourg;4;1;H;2;0;H;;13;20;6;2;15;9;6;5;1;1;0;0
02/11/2025;Lens;Lorient;3;0;H;1;0;H;;9;12;6;3;8;10;7;6;2;2;0;0
02/11/2025;Lille;Angers;1;0;H;1;0;H;;15;6;4;1;10;10;9;2;1;0;0;0
02/11/2025;Nantes;Metz;0;2;A;0;0;D;;16;14;4;7;8;8;8;5;1;3;0;0
02/11/2025;Toulouse;Le Havre;0;0;D;0;0;D;;18;9;2;3;12;14;10;2;1;2;0;0
02/11/2025;Brest;Lyon;0;0;D;0;0;D;;13;4;3;2;19;6;12;2;1;0;0;1
07/11/2025;Paris FC;Rennes;0;1;A;0;0;D;;19;10;4;3;9;13;8;9;4;2;0;0
08/11/2025;Marseille;Brest;3;0;H;2;0;H;;19;4;7;2;12;10;6;2;0;1;0;0
08/11/2025;Le Havre;Nantes;1;1;D;0;1;A;;17;5;4;2;15;13;8;3;3;3;0;0
08/11/2025;Monaco;Lens;1;4;A;1;3;A;;16;20;6;12;15;19;5;4;1;2;1;0
09/11/2025;Lorient;Toulouse;1;1;D;1;0;H;;10;6;2;2;6;18;6;4;0;4;0;0
09/11/2025;Angers;Auxerre;2;0;H;0;0;D;;9;12;5;5;19;14;3;3;2;2;0;0
09/11/2025;Metz;Nice;2;1;H;0;1;A;;9;11;2;4;12;19;6;3;2;4;0;0
09/11/2025;Strasbourg;Lille;2;0;H;1;0;H;;5;7;2;4;9;20;1;4;4;3;0;1
09/11/2025;Lyon;Paris SG;2;3;A;1;2;A;;9;9;2;4;10;8;5;5;5;2;1;0
21/11/2025;Nice;Marseille;1;5;A;0;2;A;;15;13;7;11;9;10;8;6;2;2;0;0
22/11/2025;Lens;Strasbourg;1;0;H;0;0;D;;13;7;5;1;13;13;3;1;2;3;1;1
22/11/2025;Rennes;Monaco;4;1;H;1;0;H;;17;13;9;3;3;13;4;6;0;1;0;1
22/11/2025;Paris SG;Le Havre;3;0;H;1;0;H;;31;12;11;4;10;8;6;4;2;1;0;0
23/11/2025;Auxerre;Lyon;0;0;D;0;0;D;;12;16;5;7;10;11;7;11;1;3;0;0
23/11/2025;Brest;Metz;3;2;H;1;1;D;;20;7;7;3;11;8;6;2;2;3;0;0
23/11/2025;Nantes;Lorient;1;1;D;0;1;A;;9;7;1;1;17;17;1;1;1;1;0;0
23/11/2025;Toulouse;Angers;0;1;A;0;1;A;;25;6;6;2;15;15;11;1;1;3;0;0
23/11/2025;Lille;Paris FC;4;2;H;1;1;D;;17;6;10;3;9;12;9;4;1;2;0;0
28/11/2025;Metz;Rennes;0;1;A;0;1;A;;16;9;5;2;9;8;6;3;0;0;0;0
29/11/2025;Monaco;Paris SG;1;0;H;0;0;D;;10;17;5;4;10;13;4;4;3;1;1;0
29/11/2025;Paris FC;Auxerre;1;1;D;1;1;D;;11;11;2;3;11;17;4;3;2;1;0;0
29/11/2025;Marseille;Toulouse;2;2;D;0;1;A;;20;6;5;4;7;10;9;1;2;1;0;0
30/11/2025;Strasbourg;Brest;1;2;A;1;0;H;;14;7;6;4;12;14;5;0;0;3;0;0
30/11/2025;Angers;Lens;1;2;A;0;1;A;;7;17;5;6;7;11;2;8;1;1;0;0
30/11/2025;Le Havre;Lille;0;1;A;0;0;D;;14;8;7;2;15;13;6;2;1;3;0;1
30/11/2025;Lorient;Nice;3;1;H;2;1;H;;18;9;7;2;7;11;3;7;1;2;0;0
30/11/2025;Lyon;Nantes;3;0;H;0;0;D;;20;6;8;2;14;9;7;0;1;2;0;1
05/12/2025;Brest;Monaco;1;0;H;1;0;H;;12;10;4;2;17;15;2;3;2;4;1;0
05/12/2025;Lille;Marseille;1;0;H;1;0;H;;5;6;2;2;9;11;2;5;1;1;0;0
06/12/2025;Nantes;Lens;1;2;A;1;1;D;;10;20;4;6;8;13;1;12;2;0;0;0
06/12/2025;Toulouse;Strasbourg;1;0;H;1;0;H;;6;3;3;0;21;13;1;2;3;3;0;0
06/12/2025;Paris SG;Rennes;5;0;H;2;0;H;;20;6;9;2;9;5;8;6;0;3;0;1
07/12/2025;Nice;Angers;0;1;A;0;1;A;;13;8;3;4;11;9;4;1;1;1;1;0
07/12/2025;Auxerre;Metz;3;1;H;2;1;H;;14;5;7;3;10;12;5;3;2;1;0;0
07/12/2025;Le Havre;Paris FC;0;0;D;0;0;D;;13;13;2;2;10;13;7;2;0;2;0;0
07/12/2025;Lorient;Lyon;1;0;H;1;0;H;;14;7;6;4;12;21;1;7;2;2;0;1
12/12/2025;Angers;Nantes;4;1;H;1;0;H;;20;7;9;4;17;13;6;3;1;2;0;0
13/12/2025;Rennes;Brest;3;1;H;2;1;H;;9;14;5;7;16;22;5;7;2;3;0;0
13/12/2025;Metz;Paris SG;2;3;A;1;2;A;;9;14;5;9;10;10;4;4;2;1;0;0
13/12/2025;Paris FC;Toulouse;0;3;A;0;2;A;;9;7;2;4;12;14;7;4;3;1;0;0
14/12/2025;Lyon;Le Havre;1;0;H;0;0;D;;18;10;4;4;14;18;5;4;2;4;0;0
14/12/2025;Auxerre;Lille;3;4;A;0;1;A;;18;8;8;5;21;10;10;3;5;2;2;2
14/12/2025;Lens;Nice;2;0;H;1;0;H;;15;8;5;4;17;13;2;5;0;2;0;0
14/12/2025;Strasbourg;Lorient;0;0;D;0;0;D;;12;10;2;2;6;3;11;3;1;0;0;0
14/12/2025;Marseille;Monaco;1;0;H;0;0;D;;18;18;8;7;11;11;3;7;2;1;0;0
02/01/2026;Toulouse;Lens;0;3;A;0;0;D;;8;16;2;7;16;16;2;8;2;3;1;0
03/01/2026;Monaco;Lyon;1;3;A;1;1;D;;6;13;2;9;14;12;7;2;2;3;1;0
03/01/2026;Nice;Strasbourg;1;1;D;0;1;A;;19;8;6;5;12;12;5;7;1;2;0;0
03/01/2026;Lille;Rennes;0;2;A;0;0;D;;13;18;3;4;4;14;4;7;1;1;1;0
04/01/2026;Marseille;Nantes;0;2;A;0;1;A;;11;15;4;9;17;20;6;3;2;3;2;0
04/01/2026;Brest;Auxerre;2;0;H;1;0;H;;11;10;4;1;16;9;7;6;3;2;0;0
04/01/2026;Le Havre;Angers;2;1;H;1;0;H;;11;9;6;3;15;8;6;6;1;1;0;0
04/01/2026;Lorient;Metz;1;1;D;0;1;A;;16;8;5;2;9;8;4;4;1;2;0;0
04/01/2026;Paris SG;Paris FC;2;1;H;1;0;H;;20;6;6;3;7;4;7;1;1;0;0;0
16/01/2026;Monaco;Lorient;1;3;A;0;0;D;;14;14;7;4;16;9;4;3;1;0;0;0
16/01/2026;Paris SG;Lille;3;0;H;1;0;H;;13;7;7;4;14;6;4;2;0;1;0;0
17/01/2026;Lens;Auxerre;1;0;H;0;0;D;;19;5;7;0;19;20;1;5;2;5;0;0
17/01/2026;Toulouse;Nice;5;1;H;2;0;H;;22;15;10;6;12;17;6;7;1;2;0;0
17/01/2026;Angers;Marseille;2;5;A;1;4;A;;7;23;3;11;9;8;6;2;1;1;0;0
18/01/2026;Strasbourg;Metz;2;1;H;2;1;H;;14;9;6;2;12;12;4;1;2;3;0;0
18/01/2026;Nantes;Paris FC;1;2;A;0;1;A;;5;10;1;3;16;14;1;2;1;3;0;0
18/01/2026;Rennes;Le Havre;1;1;D;0;0;D;;19;7;7;4;18;14;10;6;1;4;0;0
18/01/2026;Lyon;Brest;2;1;H;2;0;H;;19;5;6;2;18;9;5;0;2;0;0;1
23/01/2026;Auxerre;Paris SG;0;1;A;0;0;D;;8;16;0;8;10;12;2;7;0;1;0;0
24/01/2026;Rennes;Lorient;0;2;A;0;1;A;;22;6;5;4;18;7;9;3;2;0;0;0
24/01/2026;Le Havre;Monaco;0;0;D;0;0;D;;7;10;1;2;9;20;5;6;0;3;0;0
24/01/2026;Marseille;Lens;3;1;H;2;0;H;;10;7;5;2;18;16;2;2;0;3;0;0
25/01/2026;Nantes;Nice;1;4;A;1;3;A;;20;7;5;4;11;15;4;2;2;3;0;0
25/01/2026;Brest;Toulouse;0;2;A;0;2;A;;13;8;5;5;16;16;3;2;2;3;0;0
25/01/2026;Metz;Lyon;2;5;A;1;4;A;;15;13;6;10;10;5;6;4;1;0;0;0
25/01/2026;Paris FC;Angers;0;0;D;0;0;D;;8;7;1;1;14;7;2;1;1;1;0;0
25/01/2026;Lille;Strasbourg;1;4;A;0;2;A;;20;15;6;6;11;13;8;1;2;2;0;0
30/01/2026;Lens;Le Havre;1;0;H;1;0;H;;15;8;3;2;20;10;4;3;1;2;0;0
31/01/2026;Paris FC;Marseille;2;2;D;0;1;A;;9;18;4;4;12;15;4;4;1;4;0;0
31/01/2026;Lorient;Nantes;2;1;H;1;0;H;;5;10;4;2;12;18;1;4;4;5;0;0
31/01/2026;Monaco;Rennes;4;0;H;1;0;H;;14;8;6;4;15;9;5;2;1;2;0;0
01/02/2026;Lyon;Lille;1;0;H;1;0;H;;4;11;2;4;15;11;2;7;1;4;0;0
01/02/2026;Angers;Metz;1;0;H;1;0;H;;17;5;7;0;11;11;4;3;2;2;0;1
01/02/2026;Nice;Brest;2;2;D;0;2;A;;15;12;7;2;15;21;6;5;5;3;0;0
01/02/2026;Toulouse;Auxerre;0;0;D;0;0;D;;12;8;4;2;12;13;5;4;1;2;0;0
01/02/2026;Strasbourg;Paris SG;1;2;A;1;1;D;;9;13;4;4;8;6;5;6;1;0;0;1
06/02/2026;Metz;Lille;0;0;D;0;0;D;;6;16;2;1;12;9;1;6;1;1;0;0
07/02/2026;Lens;Rennes;3;1;H;1;1;D;;10;14;3;1;13;17;4;4;4;2;1;0
07/02/2026;Brest;Lorient;2;0;H;0;0;D;;11;13;5;2;11;10;7;7;2;0;0;0
07/02/2026;Nantes;Lyon;0;1;A;0;1;A;;13;10;2;3;13;11;5;4;4;2;0;1
08/02/2026;Nice;Monaco;0;0;D;0;0;D;;13;10;3;2;10;11;8;6;2;2;0;0
08/02/2026;Angers;Toulouse;1;0;H;0;0;D;;12;12;4;5;11;16;3;5;3;2;0;0
08/02/2026;Auxerre;Paris FC;0;0;D;0;0;D;;12;8;2;4;8;12;7;4;1;4;0;0
08/02/2026;Le Havre;Strasbourg;2;1;H;1;1;D;;15;10;7;3;15;12;9;3;2;1;0;1
08/02/2026;Paris SG;Marseille;5;0;H;2;0;H;;22;9;7;3;11;18;5;2;2;2;0;0
13/02/2026;Rennes;Paris SG;3;1;H;1;0;H;;13;22;4;7;10;9;5;8;0;0;0;0
13/02/2026;Monaco;Nantes;3;1;H;3;1;H;;12;13;6;2;15;8;9;3;5;2;1;0
14/02/2026;Marseille;Strasbourg;2;2;D;1;0;H;;10;12;6;4;11;10;5;5;4;2;0;0
14/02/2026;Lille;Brest;1;1;D;0;0;D;;20;11;5;4;6;12;13;1;0;1;0;0
14/02/2026;Paris FC;Lens;0;5;A;0;2;A;;11;17;6;6;13;9;3;5;2;1;0;0
15/02/2026;Le Havre;Toulouse;2;1;H;1;1;D;;5;25;2;9;7;16;1;10;1;4;1;0
15/02/2026;Lorient;Angers;2;0;H;1;0;H;;8;10;2;3;7;8;3;2;0;0;0;0
15/02/2026;Metz;Auxerre;1;3;A;0;1;A;;13;14;4;3;13;12;4;3;2;3;0;0
15/02/2026;Lyon;Nice;2;0;H;1;0;H;;9;10;2;3;16;12;8;5;3;1;0;0
20/02/2026;Brest;Marseille;2;0;H;2;0;H;;12;17;4;4;10;17;3;2;1;4;0;0
21/02/2026;Lens;Monaco;2;3;A;1;0;H;;18;10;7;5;13;12;7;2;2;1;0;0
21/02/2026;Toulouse;Paris FC;1;1;D;0;1;A;;23;5;10;2;13;7;12;3;1;5;0;0
21/02/2026;Paris SG;Metz;3;0;H;2;0;H;;17;3;7;0;9;15;4;1;0;2;0;0
22/02/2026;Auxerre;Rennes;0;3;A;0;3;A;;11;12;2;7;17;22;4;5;1;4;0;0
22/02/2026;Angers;Lille;0;1;A;0;1;A;;6;14;2;5;14;11;1;7;3;1;0;0
22/02/2026;Nantes;Le Havre;2;0;H;2;0;H;;9;6;2;1;17;13;5;6;4;3;0;0
22/02/2026;Nice;Lorient;3;3;D;2;1;H;;8;17;4;5;15;4;3;7;2;3;0;0
22/02/2026;Strasbourg;Lyon;3;1;H;1;0;H;;13;4;7;2;11;12;4;2;1;2;0;0
27/02/2026;Strasbourg;Lens;1;1;D;1;0;H;;8;25;5;5;9;8;2;8;2;2;0;0
28/02/2026;Rennes;Toulouse;1;0;H;1;0;H;;10;9;2;2;9;13;6;1;1;3;0;0
28/02/2026;Monaco;Angers;2;0;H;0;0;D;;10;6;4;2;9;10;5;2;0;3;0;0
28/02/2026;Le Havre;Paris SG;0;1;A;0;1;A;;10;22;2;9;12;10;3;3;3;0;0;0
01/03/2026;Paris FC;Nice;1;0;H;1;0;H;;16;11;6;3;7;8;8;6;6;3;1;0
01/03/2026;Lille;Nantes;1;0;H;0;0;D;;9;3;3;1;11;15;4;1;3;1;0;0
01/03/2026;Lorient;Auxerre;2;2;D;2;2;D;;15;10;5;3;11;10;3;7;1;3;0;0
01/03/2026;Metz;Brest;0;1;A;0;0;D;;24;6;6;1;14;11;12;4;2;1;0;1
01/03/2026;Marseille;Lyon;3;2;H;0;1;A;;18;12;7;6;16;8;8;1;3;2;0;0
06/03/2026;Paris SG;Monaco;1;3;A;0;1;A;;20;11;6;6;12;6;7;3;1;3;0;0
07/03/2026;Nantes;Angers;0;1;A;0;0;D;;13;11;3;4;14;19;3;4;1;1;0;0
07/03/2026;Auxerre;Strasbourg;0;0;D;0;0;D;;10;13;4;5;10;11;5;4;1;2;0;0
07/03/2026;Toulouse;Marseille;0;1;A;0;1;A;;12;10;2;3;15;14;4;2;2;3;0;0
08/03/2026;Lens;Metz;3;0;H;1;0;H;;24;5;7;0;12;17;6;4;0;3;0;0
08/03/2026;Brest;Le Havre;2;0;H;1;0;H;;11;14;2;0;15;17;1;3;3;1;0;0
08/03/2026;Lille;Lorient;1;1;D;0;0;D;;12;9;2;5;14;13;5;1;4;1;0;0
08/03/2026;Nice;Rennes;0;4;A;0;2;A;;14;12;2;6;9;8;7;1;2;1;0;0
08/03/2026;Lyon;Paris FC;1;1;D;0;0;D;;14;14;4;4;7;9;8;2;2;0;0;0
13/03/2026;Marseille;Auxerre;1;0;H;0;0;D;;16;8;3;3;12;17;9;2;4;2;0;0
14/03/2026;Lorient;Lens;2;1;H;1;0;H;;6;20;3;6;6;11;1;10;2;3;0;0
14/03/2026;Angers;Nice;0;2;A;0;0;D;;11;12;1;8;10;13;7;6;1;3;0;0
14/03/2026;Monaco;Brest;2;0;H;1;0;H;;10;13;4;1;9;8;3;8;2;1;0;0
15/03/2026;Strasbourg;Paris FC;0;0;D;0;0;D;;12;11;3;2;11;17;12;4;1;0;0;0
15/03/2026;Le Havre;Lyon;0;0;D;0;0;D;;12;13;4;4;7;16;2;2;1;3;1;0
15/03/2026;Metz;Toulouse;3;4;A;2;3;A;;17;19;8;6;10;13;4;4;0;3;0;0
15/03/2026;Rennes;Lille;1;2;A;0;1;A;;12;8;4;3;16;7;5;2;2;5;0;0
20/03/2026;Lens;Angers;5;1;H;3;0;H;;26;16;9;5;7;5;7;3;0;0;0;0
21/03/2026;Toulouse;Lorient;1;0;H;0;0;D;;12;7;4;2;9;10;1;4;2;3;0;0
21/03/2026;Auxerre;Brest;3;0;H;1;0;H;;11;9;7;2;10;14;6;3;0;4;1;0
21/03/2026;Nice;Paris SG;0;4;A;0;1;A;;6;17;1;10;12;5;2;5;0;1;1;0
22/03/2026;Lyon;Monaco;1;2;A;1;0;H;;15;21;4;7;11;19;2;6;1;3;1;0
22/03/2026;Marseille;Lille;1;2;A;1;0;H;;14;11;3;4;8;6;6;4;1;3;0;0
22/03/2026;Paris FC;Le Havre;3;2;H;2;0;H;;15;20;4;6;9;13;9;5;0;1;1;0
22/03/2026;Rennes;Metz;0;0;D;0;0;D;;25;7;8;2;13;13;8;2;1;3;0;0
22/03/2026;Nantes;Strasbourg;2;3;A;1;1;D;;14;13;9;9;15;17;3;6;3;3;0;0
03/04/2026;Paris SG;Toulouse;3;1;H;2;1;H;;17;5;7;1;4;13;5;2;0;1;0;0
04/04/2026;Strasbourg;Nice;3;1;H;3;0;H;;16;8;6;3;7;15;4;10;0;2;0;0
04/04/2026;Brest;Rennes;3;4;A;1;2;A;;10;15;4;7;13;11;3;7;2;4;0;0
04/04/2026;Lille;Lens;3;0;H;1;0;H;;13;5;7;1;9;13;3;3;3;2;0;0
05/04/2026;Angers;Lyon;0;0;D;0;0;D;;7;11;1;2;14;13;3;7;3;0;0;0
05/04/2026;Le Havre;Auxerre;1;1;D;1;1;D;;10;12;3;2;16;21;5;5;2;2;0;0
05/04/2026;Lorient;Paris FC;1;1;D;0;0;D;;10;7;3;5;8;6;5;6;1;2;0;0
05/04/2026;Metz;Nantes;0;0;D;0;0;D;;19;6;5;2;14;10;6;3;2;1;0;1
05/04/2026;Monaco;Marseille;2;1;H;0;0;D;;7;19;3;9;14;9;0;8;2;2;0;0
10/04/2026;Paris FC;Monaco;4;1;H;3;1;H;;12;19;6;5;5;6;1;11;1;0;0;0
10/04/2026;Marseille;Metz;3;1;H;1;0;H;;18;6;9;2;12;8;7;4;1;2;0;0
11/04/2026;Auxerre;Nantes;0;0;D;0;0;D;;5;13;0;4;20;15;3;2;0;4;0;0
11/04/2026;Rennes;Angers;2;1;H;2;0;H;;15;6;7;4;9;15;11;3;0;2;0;0
12/04/2026;Nice;Le Havre;1;1;D;0;1;A;;15;11;5;6;20;14;5;2;1;1;0;0
12/04/2026;Toulouse;Lille;0;4;A;0;1;A;;9;15;1;9;13;12;4;2;2;0;1;0
12/04/2026;Lyon;Lorient;2;0;H;0;0;D;;11;12;5;6;17;14;4;6;4;1;0;0
17/04/2026;Lens;Toulouse;3;2;H;0;2;A;;41;5;13;2;9;15;14;1;1;1;0;1
18/04/2026;Lorient;Marseille;2;0;H;1;0;H;;11;16;4;2;6;10;1;7;0;3;0;0
18/04/2026;Angers;Le Havre;1;1;D;1;1;D;;11;16;5;8;15;20;4;3;1;3;0;1
18/04/2026;Lille;Nice;0;0;D;0;0;D;;9;5;2;1;9;10;5;3;3;1;0;0
19/04/2026;Monaco;Auxerre;2;2;D;0;2;A;;15;12;6;7;19;8;11;3;2;3;0;0
19/04/2026;Metz;Paris FC;1;3;A;1;1;D;;13;15;6;7;9;8;6;5;2;2;0;0
19/04/2026;Nantes;Brest;1;1;D;1;0;H;;17;4;4;2;13;17;11;0;2;2;1;0
19/04/2026;Strasbourg;Rennes;0;3;A;0;1;A;;9;26;1;9;10;12;2;9;0;1;0;0
19/04/2026;Paris SG;Lyon;1;2;A;0;2;A;;23;6;6;5;10;8;13;5;5;1;0;0
22/04/2026;Paris SG;Nantes;3;0;H;2;0;H;;14;11;6;4;11;8;7;6;2;1;0;0
24/04/2026;Brest;Lens;3;3;D;3;0;H;;6;25;3;7;7;11;0;6;3;3;0;0
25/04/2026;Lyon;Auxerre;3;2;H;1;1;D;;12;9;6;2;11;15;6;3;1;2;0;0
25/04/2026;Angers;Paris SG;0;3;A;0;2;A;;6;17;1;10;9;3;5;4;0;2;0;1
25/04/2026;Toulouse;Monaco;2;2;D;0;2;A;;18;8;5;5;17;10;4;2;3;2;0;0
26/04/2026;Lorient;Strasbourg;2;3;A;1;0;H;;14;11;6;5;9;16;9;7;1;2;0;0
26/04/2026;Le Havre;Metz;4;4;D;2;2;D;;14;12;5;5;12;12;6;4;3;1;0;0
26/04/2026;Paris FC;Lille;0;1;A;0;1;A;;7;10;2;4;12;10;7;3;6;3;1;0
26/04/2026;Rennes;Nantes;2;1;H;1;1;D;;14;24;5;8;15;15;6;8;3;2;0;0
26/04/2026;Marseille;Nice;1;1;D;0;0;D;;24;5;6;2;14;7;7;1;4;1;0;0
02/05/2026;Nantes;Marseille;3;0;H;0;0;D;;17;16;6;8;12;11;7;8;1;3;0;0
02/05/2026;Paris SG;Lorient;2;2;D;1;1;D;;24;5;6;3;9;7;12;2;1;1;0;0
02/05/2026;Metz;Monaco;1;2;A;0;0;D;;13;15;1;3;10;15;5;9;0;2;0;0
02/05/2026;Nice;Lens;1;1;D;0;0;D;;9;16;2;4;11;10;7;8;2;3;0;1
03/05/2026;Lille;Le Havre;1;1;D;1;1;D;;22;2;10;2;9;15;14;5;2;3;0;0
03/05/2026;Auxerre;Angers;3;1;H;1;0;H;;19;9;10;3;12;2;4;6;2;4;0;1
03/05/2026;Paris FC;Brest;4;0;H;2;0;H;;17;10;8;1;10;8;7;3;2;1;0;0
03/05/2026;Strasbourg;Toulouse;1;2;A;1;1;D;;9;16;4;6;7;15;8;3;1;3;0;0
03/05/2026;Lyon;Rennes;4;2;H;2;1;H;;16;8;9;5;10;14;7;5;0;3;0;0
08/05/2026;Lens;Nantes;1;0;H;0;0;D;;14;15;5;3;15;15;8;3;2;1;0;0
10/05/2026;Angers;Strasbourg;1;1;D;0;1;A;;11;15;4;6;16;13;0;2;2;2;0;0
10/05/2026;Auxerre;Nice;2;1;H;1;1;D;;12;10;4;6;15;9;10;1;1;0;0;0
10/05/2026;Le Havre;Marseille;0;1;A;0;0;D;;10;8;2;3;20;22;3;0;4;2;0;0
10/05/2026;Metz;Lorient;0;4;A;0;1;A;;8;14;2;7;8;8;7;4;2;2;0;0
10/05/2026;Monaco;Lille;0;1;A;0;0;D;;7;7;3;2;13;10;5;2;1;3;0;0
10/05/2026;Paris SG;Brest;1;0;H;0;0;D;;23;3;6;2;5;12;13;2;0;0;0;0
10/05/2026;Rennes;Paris FC;2;1;H;0;0;D;;14;11;5;1;13;11;8;2;0;2;0;0
10/05/2026;Toulouse;Lyon;2;1;H;1;0;H;;14;18;6;3;20;9;7;8;6;2;1;0
13/05/2026;Brest;Strasbourg;1;2;A;1;2;A;;21;10;6;5;10;11;5;4;0;1;0;0
13/05/2026;Lens;Paris SG;0;2;A;0;1;A;;25;10;10;3;9;3;6;3;0;1;0;0
17/05/2026;Brest;Angers;1;1;D;0;0;D;;18;8;5;2;9;8;6;3;1;1;0;0
17/05/2026;Lille;Auxerre;0;2;A;0;1;A;;12;7;3;4;9;16;4;2;3;2;0;0
17/05/2026;Lorient;Le Havre;0;2;A;0;1;A;;12;7;2;4;11;11;5;1;2;1;0;0
17/05/2026;Lyon;Lens;0;4;A;0;3;A;;16;14;4;4;10;11;20;8;1;4;0;0
17/05/2026;Marseille;Rennes;3;1;H;2;0;H;;27;27;11;6;11;10;4;11;3;1;0;0
17/05/2026;Nantes;Toulouse;0;0;D;0;0;D;;2;2;1;1;3;5;2;2;0;0;0;0
17/05/2026;Nice;Metz;0;0;D;0;0;D;;22;16;4;4;11;15;10;4;2;1;0;0
17/05/2026;Paris FC;Paris SG;2;1;H;0;0;D;;17;9;9;2;8;9;3;3;2;1;0;0
17/05/2026;Strasbourg;Monaco;5;4;H;1;3;A;;15;21;7;8;7;11;4;6;1;2;0;0
